Прізвище,Ім'я,По батькові,Стать,Дата народження,Посада,Місто проживання,Адреса проживання,Телефон,Email
Каденюк,Віталій,Іванович,Чоловіча,2008-07-26,Програміст,село Івано-Франківськ,"сквер Восьмого березня, буд. 2, Скадовськ, 67417",095 650 79 33,dmytrosahal@example.com
Червоненко,Камілла,Володимирівна,Жіноча,2009-04-30,Мовознавець,село Радехів,"проспект Тещин міст, буд. 247, Прилуки, 48302",+380 (88) 183-59-53,zakhar28@example.net
Міщенко,Демид,Дмитрович,Чоловіча,1982-09-07,Фрілансер,село Южноукраїнськ,"узвіз Хаджибейський, буд. 117, Новоград-Волинський, 46886",000 57 38,hordii36@example.com
Саєнко,Валентин,Тарасович,Чоловіча,1976-01-25,Астронавт,хутір Пирятин,"проспект Улицька, буд. 848, Зіньків, 28584",+380 (85) 542-86-32,anastasiia71@example.org
Масляк,Орест,Іванович,Чоловіча,1986-10-22,Бібліограф,селище Умань,"проспект 17-та Лінія 6-й ст. Люстдорфської дороги, буд. 46 кв. 17, Могилів-Подільський, 42358",+380 18 548 88 06,cnikoliuk@example.org
Перебийніс,Пармен,Богданович,Чоловіча,1993-05-16,Програміст,село Заводське,"шосе Чайкова, буд. 881, Кам'янка (Черкаська область), 48617",+380 29 488 50 44,hnestaiko@example.com
Рудик,Дарина,Михайлівна,Жіноча,1974-08-25,Математик,селище Полтава,"набережна Геранієва, буд. 927 кв. 255, Покров, 28547",082 734 76 67,ihnat52@example.org
Ґоляш,Лариса,Михайлівна,Жіноча,2005-08-31,Стоматолог,місто Боярка,"парк Чорноморський 1-й, буд. 2 кв. 747, Білопілля, 69410",047 280-43-98,iarema85@example.org
Жаліло,Амвросій,Богданович,Чоловіча,1998-02-22,Круп'є,хутір Кобеляки,"вулиця Серединський, буд. 3, Білицьке, 88914",+380 (22) 671-12-71,icherednyk@example.net
Гречко,Леон,Анатолійович,Чоловіча,1985-11-17,Будник,хутір Копичинці,"вулиця Монгольська, буд. 69, Одеса, 69732",+380 10 050 90 35,bohuslava45@example.com
Шухевич,Камілла,Михайлівна,Жіноча,1955-11-14,Електротехнік,селище Лебедин,"вулиця Сімферопольська, буд. 5 кв. 56, Чугуїв, 85785",081 095 46 64,havryshodarka@example.net
Полтавець,Гордій,Дмитрович,Чоловіча,1982-12-08,Електрик,хутір Харцизьк,"площа Ждахи, буд. 08, Гайсин, 80451",028 711 77 49,rozaliia47@example.net
Черненко,Давид,Тарасович,Чоловіча,1961-10-20,Акушер,хутір Фастів,"сквер Поліська, буд. 708 кв. 046, Гірське, 80488",+380 50 518-42-22,jpanchuk@example.com
Цибуленко,Арсен,Васильович,Чоловіча,1989-03-07,Режисер,місто Мукачево,"площа Романтиків, буд. 969, Вилкове, 52006",+380 03 066-31-92,hannahupalo@example.org
Бабʼюк,Макар,Сергійович,Чоловіча,1971-12-19,Кінорежисер,селище Мирноград,"шосе Ніжинська, буд. 7 кв. 466, Бобринець, 07843",+380 (78) 851-65-90,barabashandrii@example.org
Ляшко,Богодар,Михайлович,Чоловіча,2005-12-09,Антрополог,селище Алушта,"проспект Ольгіївська, буд. 1, Вашківці, 94437",071 320-96-37,jokhrimenko@example.com
Адаменко,Захар,Дмитрович,Чоловіча,1951-07-23,Бібліограф,хутір Горішні Плавні,"набережна Миколи Пильчикова, буд. 321 кв. 81, Миронівка, 51893",004 456-34-22,dzhunruslan@example.com
Коваленко,Ярослава,Тарасівна,Жіноча,1998-11-08,Антрополог,місто Нова Одеса,"площа Компасний, буд. 5 кв. 84, Калуш, 25889",+380 48 227-59-82,piatachenkovalentyna@example.net
Юрчишин,Галина,Богданівна,Жіноча,1952-03-26,Бібліотекар,хутір Нова Одеса,"провулок Головківська, буд. 35 кв. 71, Фастів, 53569",339 37 55,turkaloleontii@example.net
Сацюк,Дарина,Анатоліївна,Жіноча,1979-01-18,Астроном,селище Герца,"парк Київське, буд. 57 кв. 874, Берестечко, 38117",+380 04 885-86-28,ruslanchubai@example.com
Христенко,Богданна,Олександрівна,Жіноча,1967-08-28,Журналіст,селище Гірник,"провулок Балтський 7-й, буд. 001 кв. 003, Деражня, 09073",558 75 94,ovyshniak@example.org
Єременко,Зиновій,Павлович,Чоловіча,1957-09-21,Кухар,місто Берегове,"вулиця Строганов міст, буд. 9, Ківерці, 44852",+380 27 464 48 23,ivasylechko@example.org
Зубко,Галина,Дмитрівна,Жіноча,1978-09-11,Кінокритик,хутір Тараща,"провулок Старицького, буд. 714 кв. 24, Бар, 26215",992-94-79,ekalchenko@example.net
Штокало,Олена,Петрівна,Жіноча,1954-03-17,Лікар,село Покров,"шосе Ключовий 2-й, буд. 99 кв. 1, Стебник, 16262",031 911-83-05,mazurustym@example.org
Лаба,Дарина,Василівна,Жіноча,1983-10-24,Громадський діяч,селище Кам'янець-Подільський,"сквер Журавлина, буд. 347, Липовець, 71089",048-72-48,echernenko@example.net
Верховинець,Тимофій,Дмитрович,Чоловіча,1997-09-19,Ґрунтознавець,селище Молочанськ,"площа Ігоря Балмагії, буд. 57 кв. 78, Тернопіль, 76099",075 752 51 31,ierchenkomyroslav@example.net
Фаренюк,Ольга,Сергіївна,Жіноча,1960-06-07,Кінорежисер,хутір Роздільна,"сквер Кишинівська, буд. 939, Мар'їнка, 27096",+380 (23) 741-19-80,vladyslavfranchuk@example.com
Щербань,Оксана,Юріївна,Жіноча,1999-04-20,Мікробіолог,селище Тараща,"парк Лінія 35-та, буд. 53, Вовчанськ, 50714",+380 (45) 986-93-03,ielysaveta17@example.com
Терещук,Софія,Євгенівна,Жіноча,2009-12-09,Електромонтажник,хутір Яготин,"набережна Саксаганського, буд. 7, Камінь-Каширський, 58298",+380 11 688 96 23,mykhailiukfrants@example.com
Шахрай,Спас,Тарасович,Чоловіча,1976-05-25,Круп'є,місто Коростень,"парк Латвійський узвіз, буд. 08, Знам'янка, 34241",+380 72 643 47 76,martyndarahan@example.org
Єфименко,Наталія,Володимирівна,Жіноча,1984-05-29,Акушер,місто Андрушівка,"набережна узвіз Віталія Блажка, буд. 568 кв. 0, Антрацит, 93051",+380 90 922 61 34,cprokopovych@example.net
Рева,Роксолана,Петрівна,Жіноча,1976-05-05,Кінорежисер,місто Торецьк,"набережна Незамаївська, буд. 800, Вишневе, 29198",048 406-88-92,martynzasenko@example.org
Акименко,Богодар,Юрійович,Чоловіча,2002-06-19,Сценарист,хутір Петрово-Красносілля,"набережна 5-та Лінія 6-й ст. Люстдорфської дороги, буд. 25 кв. 8, Добромиль, 08213",587-82-41,yduplii@example.com
Теліженко,Ілля,Олександрович,Чоловіча,1984-08-15,Кінокритик,хутір Львів,"сквер Володимира Вінниченка, буд. 6, Тростянець, 36662",008 467 66 18,rozaliiabaranets@example.org
Гаврилів,Алевтин,Романович,Чоловіча,1964-01-18,Правник,хутір Золочів,"площа Батуринська, буд. 131 кв. 25, Броди, 67045",766 91 87,epiatachenko@example.com
Калениченко,Людмила,Юріївна,Жіноча,1999-05-31,Мовознавець,селище Дергачі,"площа Трудовий, буд. 986, Дубровиця, 69735",781-86-50,roman14@example.com
Зінкевич,Мирон,Григорович,Чоловіча,1980-02-02,Бізнесмен,селище Володимир-Волинський,"площа Соні Делоне, буд. 59, Тальне, 35702",+380 96 909 46 52,ievhentelychenko@example.net
Рубан,Василина,Григорівна,Жіноча,2006-07-07,Геофізик,селище Дніпро,"вулиця Сільськогосподарський, буд. 6, Славута, 33265",+380 36 687-32-68,prymachenkoruslan@example.net
Архимович,Галина,Степанівна,Жіноча,2003-05-22,Клоун,хутір Снігурівка,"парк Маячний, буд. 93 кв. 1, Лутугине, 71490",056 231-62-37,klymentakulenko@example.net
Вишняк,Віталій,Михайлович,Чоловіча,2000-01-04,Намотувальник,селище Курахове,"проспект Привокзальна, буд. 0, Марганець, 21814",112 87 70,klukash@example.org
Худяк,Вадим,Михайлович,Чоловіча,1954-08-24,Стиліст,місто Балаклія,"площа Лінія 46-та, буд. 14, Ржищів, 28017",432 36 09,pbarabash@example.net
Килимник,Роксолана,Сергіївна,Жіноча,1984-05-18,Професор,селище Коростень,"вулиця Чорноморського козацтва, буд. 57, Самар, 55399",155-56-20,vovkihor@example.com
Єресько,Ірена,Михайлівна,Жіноча,1952-09-17,Електромонтажник,хутір Липовець,"шосе Дорбуду, буд. 13, Городище, 21125",+380 54 100-34-75,boryslaviemelianenko@example.com
Жайворон,Євген,Андрійович,Чоловіча,1961-01-03,Клавішник,хутір Кременець,"вулиця Докова, буд. 4 кв. 263, Острог, 46440",069 313 08 65,danylodanko@example.net
Тягнибок,Богуслава,Анатоліївна,Жіноча,1987-11-02,Юрист,хутір Носівка,"вулиця Лінія 52-га, буд. 92 кв. 52, Білгород-Дністровський, 97659",+380 11 694-21-47,hryhorii19@example.net
Христич,Святослав,Степанович,Чоловіча,1950-09-18,Різноробочий,село Молочанськ,"шосе Удільний, буд. 49, Баштанка, 03630",078 954-28-97,vakulenkoolena@example.net
Конопля,Артем,Романович,Чоловіча,1947-01-13,Ботанік,село Зимогір'я,"набережна 3-тя Лінія 4-ї ст. Люстдорфської дороги, буд. 8, Привілля, 02297",+380 21 432-41-60,mykhailyna84@example.org
Євтушок,Надія,Андріївна,Жіноча,1977-05-29,Фермер,село Оріхів,"проспект Нафтовиків 2-й, буд. 993, Щолкіне, 11106",049 867-88-22,sirobabadmytro@example.net
Корпанюк,Володимира,Юріївна,Жіноча,1982-12-25,Палеонтолог,місто Тараща,"набережна Сирітський 2-й, буд. 5, Косів, 20528",075-83-08,evasylechko@example.com
Пʼятаченко,Іван,Андрійович,Чоловіча,1947-11-14,Агроном,селище Кальміуське,"набережна Дача Ковалевського, буд. 8 кв. 872, Ясинувата, 79658",088 805 22 09,mykhailokolesnychenko@example.net
Лисенко,Тарас,Васильович,Чоловіча,1999-09-20,Правник,місто Приморськ,"проспект Яна Длугоша, буд. 361, Марганець, 49842",132-24-59,solomiia24@example.net
Цісик,Богодар,Дмитрович,Чоловіча,1970-03-21,Кіноактор,селище Білозерське,"узвіз Бібліотечна, буд. 6, Білогірськ, 16165",+380 73 431-26-78,chumakvolodymyr@example.org
Непорожній,Феофан,Сергійович,Чоловіча,1976-02-28,Фармацевт,село Кам'янка (Черкаська область),"набережна Колекційна, буд. 57 кв. 3, Боярка, 18083",+380 38 609 28 64,terezakybkalo@example.com
Скоробогатько,Богдан,Романович,Чоловіча,2009-09-07,Клоун,місто Новоселиця,"провулок Компасний, буд. 227, Переяслав, 14249",045-27-34,sbabiichuk@example.org
Твердохліб,Климент,Олександрович,Чоловіча,1962-06-22,Письменник,село Ірміно,"сквер Студентський 4-й, буд. 7 кв. 3, Кам'янець-Подільський, 30398",+380 (12) 682-78-77,redkooryna@example.net
Гайдай,Орхип,Павлович,Чоловіча,1961-07-04,Сантехнік,село Василівка,"площа Красива, буд. 445 кв. 45, Ворожба, 21371",088 175 84 31,taras05@example.org
Рак,Михайлина,Дмитрівна,Жіноча,1962-09-02,Євнух,хутір Овруч,"вулиця Довженка, буд. 5, Городенка, 85698",+380 (39) 412-36-14,arsenbevzenko@example.com
Дацюк,Лукʼян,Тарасович,Чоловіча,1990-09-27,Реабілітолог,село Борислав,"провулок Проектуєма, буд. 4, Вінниця, 12832",+380 (55) 490-82-92,shovkopliasanton@example.com
Дзиндра,Еріка,Сергіївна,Жіноча,2010-06-09,Письменник,село Кременчук,"узвіз Сімферопольська, буд. 69 кв. 95, Ічня, 87364",+380 27 836 21 88,taras47@example.net
Алексюк,Федір,Анатолійович,Чоловіча,1960-02-09,Гірничий інженер,хутір Мостиська,"провулок Каменярів, буд. 892, Золочів, 16908",+380 73 635 68 17,danylodotsenko@example.net
Гайдабура,Захар,Павлович,Чоловіча,2005-05-18,Мікробіолог,село Долина,"узвіз Альтовий, буд. 34 кв. 6, Донецьк, 96582",+380 87 352 00 25,adam14@example.org
Ткаченко,Остап,Тарасович,Чоловіча,2007-06-13,Редактор,місто Шпола,"площа Раїси Сергієнко, буд. 257 кв. 81, Перемишляни, 44159",+380 56 296-07-95,orest70@example.org
Балабан,Марта,Андріївна,Жіноча,1960-02-07,Льотчик,хутір Любомль,"сквер Хімічний 1-й, буд. 0, Тисмениця, 78209",+380 (75) 689-05-10,iustyna91@example.com
Валенко,Альбіна,Богданівна,Жіноча,1960-07-11,Фермер,хутір Запоріжжя,"площа Лінія 29-та, буд. 27 кв. 9, Пустомити, 17908",086 372-59-56,kdeineka@example.com
Філіпенко,Симон,Тарасович,Чоловіча,1954-04-09,Золотар,місто Дубно,"вулиця Миколи Костомарова, буд. 15 кв. 09, Нововолинськ, 50366",610-88-32,bevziarema@example.org
Іваненко,Наталія,Іванівна,Жіноча,1966-07-31,Вчитель,село Хоростків,"площа Лінія 45-та, буд. 7, Нова Каховка, 81184",029 647-58-00,panas35@example.org
Єщенко,Іван,Дмитрович,Чоловіча,2001-05-10,Штукатур,місто Радомишль,"провулок Зої Пасічної, буд. 714 кв. 6, Нововолинськ, 36965",430 99 23,utkach@example.com
Адаменко,Євген,Тарасович,Чоловіча,1949-08-05,Модель,місто Корець,"набережна Висока, буд. 63 кв. 084, Новогродівка, 71236",+380 (90) 727-14-40,rebrykpanas@example.org
Василенко,Данна,Василівна,Жіноча,1994-11-16,Прокурор,хутір Новодністровськ,"сквер Ванний, буд. 436, Дружківка, 80352",525-81-76,anitaiarosh@example.com
Александренко,Богданна,Степанівна,Жіноча,1962-12-18,Кушнір,хутір Бориспіль,"набережна Лінія 45-та, буд. 4 кв. 077, Мерефа, 15076",338 80 69,petrosirchenko@example.net
Жарко,Єва,Вікторівна,Жіноча,2011-07-24,Конструктор,хутір Галич,"набережна Хотинський, буд. 8 кв. 1, Тальне, 86205",033 419 64 45,skonoplia@example.org
Шеремет,Олекса,Павлович,Чоловіча,1985-05-04,Палеонтолог,селище Шостка,"площа Вишневий, буд. 6, Борислав, 16669",+380 58 547-00-60,iefrem26@example.net
Шелест,Артем,Володимирович,Чоловіча,1993-01-01,Актор,селище Здолбунів,"набережна Олександра Блока, буд. 11 кв. 9, Балта, 10012",081 388 76 63,paliitetiana@example.com
Гриценко,Гордій,Степанович,Чоловіча,1965-08-03,Промисловець,місто Любомль,"шосе Слави, буд. 6, Богодухів, 75829",895 55 40,claba@example.org
Ященко,Богуслава,Тарасівна,Жіноча,1977-01-17,Патологоанатом,місто Курахове,"сквер Скляний 2-й, буд. 78, Могилів-Подільський, 13476",+380 75 743-13-71,karpakyrylo@example.net
Баштан,Ганна,Романівна,Жіноча,1994-09-21,Кур'єр,селище Балаклія,"набережна Гобеленова, буд. 25 кв. 292, Дрогобич, 07953",527-05-69,oleksandr66@example.org
Хомик,Богуслава,Андріївна,Жіноча,1985-11-14,Підприємець,хутір Чортків,"набережна Карпенка-Карого, буд. 573, Охтирка, 39997",+380 03 065 91 72,lukashiakiv@example.org
Примаченко,Марко,Миколайович,Чоловіча,2010-05-15,Астронавт,селище Костянтинівка,"шосе Тополиний, буд. 760 кв. 674, Ковель, 91118",+380 (97) 652-80-42,xtsiutsiura@example.com
Єрченко,Лариса,Миколаївна,Жіноча,1981-02-26,Гірничий інженер,хутір Андрушівка,"узвіз Вітчизняна, буд. 6 кв. 87, Батурин, 89554",+380 28 277 50 55,varfolomii18@example.com
Артимишина,Алла,Дмитрівна,Жіноча,1985-02-06,Штукатур,місто Нововолинськ,"провулок Локальна, буд. 111 кв. 269, Вільнянськ, 93217",+380 54 131-12-11,danylchukvasyl@example.com
Сірко,Дарина,Анатоліївна,Жіноча,1981-09-21,Кушнір,селище Умань,"проспект Аеропортівський 5-й, буд. 041 кв. 81, Златопіль, 45575",+380 15 955-29-61,khudiakdaryna@example.org
Журба,Борислав,Володимирович,Чоловіча,1962-10-17,Акушер,село Ромни,"вулиця Аркадіївський, буд. 6, Богодухів, 60767",+380 79 857-11-98,npryimak@example.org
Жаліло,Захар,Тарасович,Чоловіча,1980-03-10,Біолог,село Кальміуське,"сквер Госпітальний, буд. 869, Коростишів, 44883",665-24-55,ishchyrytsia@example.net
Іщак,Алевтин,Тарасович,Чоловіча,1997-02-02,Кінорежисер,селище Тетіїв,"шосе Італійський, буд. 4 кв. 47, Кам'янка-Бузька, 77406",055 955 78 84,ihnatfranchuk@example.org
Чабан,Орхип,Тарасович,Чоловіча,1987-06-25,Прокурор,село Могилів-Подільський,"провулок Кафедральна, буд. 593, Київ, 77777",+380 (96) 515-58-26,opanaslahoda@example.org
Жук,Семен,Юрійович,Чоловіча,2002-07-24,Геофізик,село Прип'ять,"провулок Лиманчик 2-й Лінія 4-та, буд. 348, Кам'янка-Бузька, 36780",937-43-07,albertkonoplenko@example.com
Засуха,Данна,Сергіївна,Жіноча,1955-06-06,Електрослюсар,селище Городище,"набережна Локомотивний 3-й, буд. 074 кв. 8, Нова Одеса, 58948",+380 (42) 882-55-81,fprytula@example.com
Бандера,Софія,Володимирівна,Жіноча,1988-09-19,Дантист,хутір Монастирище,"проспект Куниці, буд. 16, Соледар, 97407",+380 55 706-64-60,onysymdashenko@example.org
Артюх,Леонід,Андрійович,Чоловіча,1969-11-28,Парфюмер,місто Зимогір'я,"площа Ланжерон, буд. 5 кв. 9, Рені, 30549",082 412 82 37,klavdiiadevdiuk@example.org
Жук,Василина,Василівна,Жіноча,1973-10-20,Режисер,місто Фастів,"узвіз Іванова Ігоря, буд. 25 кв. 412, Ржищів, 72575",+380 11 963-00-06,frantskhomyk@example.org
Джус,Йосип,Павлович,Чоловіча,1984-02-14,Бібліограф,село Теребовля,"провулок Машинобудівний, буд. 3 кв. 6, Хрустальний, 52305",+380 (29) 400-89-83,orest64@example.org
Акименко,Геннадій,Петрович,Чоловіча,1966-07-25,Епідеміолог,хутір Золотоноша,"вулиця Хаджибейська дорога, буд. 1 кв. 93, Світлодарськ, 21175",+380 52 895-55-00,nonishchuk@example.com
Тимчук,Устим,Павлович,Чоловіча,1959-06-09,Різноробочий,село Кам'янка-Дніпровська,"проспект Чорноморський 7-й, буд. 3, Жашків, 68947",+380 (37) 664-00-43,oksanakabaliuk@example.com
Кириленко,Валентина,Іванівна,Жіноча,1950-08-22,Літературознавець,хутір Винники,"провулок Юрія Олеші, буд. 2, Новгород-Сіверський, 99915",+380 84 925 61 93,arkadii87@example.com
Дацюк,Мирослав,Михайлович,Чоловіча,1977-08-07,Шериф,селище Батурин,"проспект Пісочний, буд. 98 кв. 95, Вилкове, 65007",114-23-94,olesshvedchenko@example.com
Євтушенко,Георгій,Григорович,Чоловіча,1992-01-20,Ді-джей,хутір Могилів-Подільський,"площа Бучми, буд. 023, Вугледар, 39052",019 32 69,iosyp00@example.net
Скоробогатько,Григорій,Павлович,Чоловіча,1997-03-21,Флорист,хутір Бердянськ,"провулок Новаторів, буд. 0, Радивилів, 81281",585 32 60,mykolaihrechanyk@example.com
Ісаєвич,Леопольд,Петрович,Чоловіча,1969-11-30,Ветеринар,місто Українка,"набережна Аеропортівський 5-й, буд. 3 кв. 285, Ізяслав, 44021",090 842 97 88,opanasdeineko@example.com
Пʼятаченко,Климент,Богданович,Чоловіча,1981-06-11,Головний меркшейдер,селище Самар,"провулок Пироговський, буд. 4, Бахчисарай, 90062",071 619-12-65,chaikaodarka@example.net
Лукаш,Павло,Іванович,Чоловіча,2009-07-09,Піаніст,хутір Курахове,"шосе Деревообробна, буд. 85, Кривий Ріг, 08096",449-17-53,rubanviacheslav@example.org
Андрієнко,Тереза,Євгенівна,Жіноча,1965-03-06,Модельєр,село Зугрес,"шосе Слов'янська, буд. 9 кв. 7, Погребище, 12609",055 114-73-82,hsirobaba@example.net
Павлик,Єфрем,Богданович,Чоловіча,1977-12-15,Соціолог,хутір Перевальськ,"площа Небесної Сотні, буд. 872, Болград, 99021",+380 (74) 400-34-10,omelian44@example.net
Журба,Владислав,Дмитрович,Чоловіча,2010-09-12,Менеджер,хутір Гадяч,"проспект Туристський, буд. 9 кв. 9, Маріуполь, 32566",+380 43 543 42 97,volodymyradubas@example.org
Ярема,Борислав,Євгенович,Чоловіча,1996-04-28,Ветеринар,селище Рогатин,"узвіз Лінія 26-та, буд. 71 кв. 70, Лутугине, 83808",+380 46 191-98-03,iaroslavdashkevych@example.com
Доценко,Данило,Григорович,Чоловіча,1957-07-10,Мовознавець,місто Тернопіль,"сквер Локомотивний 4-й, буд. 79, Бунге, 71652",770-32-08,alevtynierchenko@example.com
Чумак,Аніта,Вікторівна,Жіноча,1979-04-14,Модель,місто Дебальцеве,"сквер Геранієва, буд. 74, Соледар, 14066",411-27-49,wtokar@example.net
Тимченко,Дан,Романович,Чоловіча,2009-05-02,Режисер,хутір Вознесенськ,"сквер Одеський, буд. 12 кв. 813, Буча, 69312",+380 (70) 303-31-50,andriichukodarka@example.com
Орлик,Валентин,Андрійович,Чоловіча,1951-08-03,Патологоанатом,хутір Погребище,"провулок Бессарабська, буд. 3 кв. 81, Снятин, 41411",901 59 65,ctkachenko@example.net
Оніщук,Прохір,Павлович,Чоловіча,2004-09-03,Реабілітолог,хутір Олександрівськ,"набережна Степний 2-й, буд. 63, Берестин, 62263",+380 08 752 07 90,iukhym26@example.com
Микитюк,Остап,Васильович,Чоловіча,1996-08-23,Кінорежисер,місто Хмільник,"набережна Керченський 2-й, буд. 70, Зборів, 60065",062 404-82-93,vmykytiuk@example.net
Овсієнко,Артем,Петрович,Чоловіча,1952-09-17,Професор,місто Кременець,"шосе Соляний 3-й, буд. 46, Вишневе, 82054",031 578 93 67,iarema04@example.org
Сич,Валентин,Романович,Чоловіча,1959-10-07,Публіцист,село Малин,"узвіз 19-й км Старокиївської дороги, буд. 60 кв. 0, Дебальцеве, 60492",523 84 91,iaroslavaartymyshyna@example.net
Вишняк,Вікторія,Анатоліївна,Жіноча,1958-09-24,Редактор,місто Решетилівка,"проспект Рачкова, буд. 98 кв. 672, Звенигородка, 78651",170-52-17,hanna90@example.com
Кибкало,Олекса,Вікторович,Чоловіча,1988-03-06,Програміст,місто Острог,"вулиця Лінія 41-ша, буд. 8, Алчевськ, 22357",+380 08 781 53 75,olhazinkevych@example.org
Гриценко,Єва,Анатоліївна,Жіноча,1988-03-07,Модельєр,хутір Кремінна,"парк Рибальська, буд. 02 кв. 8, Судак, 48308",638-15-68,lprytula@example.org
Негода,Софія,Григорівна,Жіноча,1964-12-12,Палеонтолог,місто Зугрес,"проспект Студентський 3-й, буд. 72, Перемишляни, 57856",127-01-00,lukian99@example.net
Гупало,Олена,Вікторівна,Жіноча,1968-08-29,Кінорежисер,хутір Баранівка,"проспект Рабіна Іцхака, буд. 4, Рубіжне, 73264",017 944 68 76,korolenkoles@example.net
Яремків,Антон,Григорович,Чоловіча,2000-07-01,Кінолог,село Овруч,"сквер Велика Арнаутська, буд. 26 кв. 34, Лохвиця, 02622",017 077-00-93,wmazur@example.net
Свириденко,Христина,Євгенівна,Жіноча,1978-09-03,Секретар,селище Нове Давидково,"сквер Лїнія 1-ша, буд. 150 кв. 23, Берестин, 22827",+380 98 484-49-12,dgerus@example.net
Масляк,Надія,Петрівна,Жіноча,1953-09-30,Кінорежисер,хутір Здолбунів,"площа Юхима Геллера, буд. 9, Теплодар, 20255",456 47 53,aaron01@example.org
Салій,Алевтин,Тарасович,Чоловіча,2005-06-19,Музикант,місто Почаїв,"проспект Станційна 3-тя, буд. 23, Турка, 05998",071 195 96 58,viacheslav68@example.net
Носаченко,Володимир,Юрійович,Чоловіча,2004-09-04,Флорист,село Деражня,"проспект Балківська, буд. 854, Севастополь, 13072",+380 (85) 593-24-89,opanas17@example.net
Гавриленко,Франц,Юрійович,Чоловіча,1950-07-17,Художник,місто Приморськ,"провулок Контрадмірала Остроградського, буд. 8 кв. 439, Довжанськ, 36020",+380 (68) 387-40-68,anzhela32@example.com
Єрмоленко,Веніямин,Тарасович,Чоловіча,1977-11-22,Будник,село Старий Крим,"узвіз Люстдорфський, буд. 963, Кролевець, 21187",006 694 87 08,vhaidai@example.com
Петрик,Вадим,Васильович,Чоловіча,1971-11-21,Швачка,місто Кагарлик,"набережна Лінія 24-та, буд. 097, Кременець, 03345",851 12 00,allaromanenko@example.org
Щириця,Дарина,Євгенівна,Жіноча,2011-09-16,Кіноактор,місто Старий Крим,"узвіз Волова, буд. 7 кв. 63, Кальміуське, 20479",+380 (89) 820-01-16,qprykhodko@example.org
Жарко,Юстим,Володимирович,Чоловіча,1959-09-23,Мінералог,хутір Бобринець,"узвіз Гранатна, буд. 36 кв. 97, Хуст, 70600",+380 19 547 67 88,davydabramchuk@example.org
Абраменко,Тимофій,Юрійович,Чоловіча,1994-02-12,Астронавт,хутір Угнів,"площа Дюківська, буд. 01 кв. 65, Старий Крим, 31967",+380 (17) 628-91-79,iefrem63@example.net
Олійник,Левко,Васильович,Чоловіча,1996-05-25,Етнограф,місто Чортків,"вулиця Надії Пучковської, буд. 604, Щолкіне, 05692",+380 94 864-31-28,kovalenkobohdan@example.org
Тригуб,Сергій,Миколайович,Чоловіча,1958-11-16,Шериф,хутір Гола Пристань,"узвіз Сінна, буд. 52, Верхівцеве, 48728",+380 45 085 05 04,irynaadamenko@example.com
Гайда,Стефан,Іванович,Чоловіча,1957-12-19,Слідчий,село Тиврів,"набережна Ушинського, буд. 471 кв. 8, Тернівка, 30910",+380 96 553-35-41,thaidamaka@example.org
Самойленко,Василина,Юріївна,Жіноча,2000-12-31,Єгер,хутір Немирів,"набережна Вишневий, буд. 5, Джанкой, 69719",+380 46 180 65 02,babkonataliia@example.net
Козаченко,Соломон,Михайлович,Чоловіча,1974-08-06,Мікробіолог,місто Гуляйполе,"парк 5-та Лінія Марії Демченко, буд. 0, Герца, 39095",+380 30 480-61-89,kamilla91@example.org
Величко,Галина,Анатоліївна,Жіноча,1976-01-09,Ботанік,селище Судова Вишня,"шосе Дорожня, буд. 31, Турка, 52954",+380 92 452-22-22,olenahaidenko@example.org
Бабʼюк,Василина,Григорівна,Жіноча,1967-04-23,Євнух,хутір Дружківка,"вулиця Нова, буд. 5 кв. 080, Дебальцеве, 04023",+380 57 552-68-66,egzhytska@example.com
Канівець,Марта,Миколаївна,Жіноча,1972-04-08,Фермер,селище Мала Виска,"парк Менделе Сфоріма, буд. 22, Бердичів, 56293",805 92 13,lshapoval@example.net
Ванченко,Юстим,Романович,Чоловіча,1968-01-31,Вчитель,село Дрогобич,"узвіз Ризька, буд. 8, Хотин, 84580",084 658 15 71,demian14@example.com
Зарудний,Ігнат,Богданович,Чоловіча,1964-06-30,Сантехнік,місто Гуляйполе,"сквер Пересипський міст, буд. 8, Перещепине, 53128",+380 (96) 824-19-42,sdzyndra@example.net
Бандурка,Кирило,Вікторович,Чоловіча,1988-11-23,Зоолог,місто Глобине,"вулиця Стороженка Олега, буд. 76, Люботин, 90061",+380 (97) 367-51-55,havryletsviktoriia@example.com
Зінченко,Єлисавета,Степанівна,Жіноча,1992-07-22,Громадський діяч,місто Кривий Ріг,"парк Літакова, буд. 6 кв. 399, Мала Виска, 86518",+380 (91) 704-28-23,atamaniuksofiia@example.com
Скопенко,Спас,Дмитрович,Чоловіча,1994-08-03,Детектив,місто Арциз,"узвіз Юрія Кондратюка, буд. 2 кв. 594, Щолкіне, 68268",082 376 19 22,devdiukliza@example.org
Яценко,Людмила,Тарасівна,Жіноча,1973-03-18,Актор,хутір Белз,"узвіз Килимова, буд. 40 кв. 79, Балаклія, 87019",044 927-68-80,alla21@example.org
Масляк,Вадим,Степанович,Чоловіча,1948-11-22,Гицель,село Болград,"парк Панаса Мирного, буд. 81 кв. 2, Отаманівка, 50883",+380 26 596-86-99,tymchukorest@example.net
Теліженко,Юхим,Михайлович,Чоловіча,1984-11-24,Кухар,селище Виноградів,"площа Ігоря Ветрогонова, буд. 144 кв. 4, Острог, 62115",000 623-47-27,oksanaoberemko@example.net
Величко,Ірена,Сергіївна,Жіноча,2007-12-22,Фотограф,місто Рогатин,"сквер Вузький, буд. 103 кв. 735, Вінниця, 82248",+380 (30) 971-53-85,yhuzenko@example.com
Ящук,Микита,Богданович,Чоловіча,1957-10-19,Стоматолог,селище Гребінка,"площа Байгородський, буд. 379, Алушта, 72769",+380 43 411 33 53,ichaika@example.org
Данчук,Варфоломій,Миколайович,Чоловіча,1995-04-17,Акушер,село Баранівка,"набережна Гвоздичний, буд. 09, Апостолове, 76557",310-72-24,mariiaisaievych@example.net
Єрченко,Юстина,Тарасівна,Жіноча,1958-07-18,Літературознавець,селище Прип'ять,"площа Дорбуду, буд. 16, Миколаївка, 41046",563 04 92,shvaikaspas@example.org
Тригуб,Ліза,Павлівна,Жіноча,1979-10-11,Провізор,селище Копичинці,"площа Миколи Костомарова, буд. 2 кв. 991, Устилуг, 34783",+380 46 874 25 99,arsenchupryna@example.org
Сомко,Віра,Андріївна,Жіноча,1987-10-31,Флорист,селище Баштанка,"вулиця Степна, буд. 517 кв. 63, Білозерське, 95107",+380 69 755 76 36,ihorzatovkaniuk@example.org
Фурс,Тетяна,Богданівна,Жіноча,2000-08-26,Круп'є,місто Одеса,"провулок Туристська, буд. 41, Гірське, 02965",+380 33 579-33-45,rshapoval@example.org
Василашко,Леонід,Романович,Чоловіча,1997-08-22,Бізнесмен,селище Ялта,"сквер Аеродромний 2-й, буд. 43 кв. 9, Ясинувата, 82608",+380 (56) 223-71-32,ddurdynets@example.org
Черінько,Хома,Сергійович,Чоловіча,1996-11-07,Водій,село Бахмут,"проспект Каштанова, буд. 75 кв. 482, Карлівка, 90276",009 988 76 22,ielysaveta90@example.net
Жайворон,Ілля,Тарасович,Чоловіча,1978-11-20,Локсмайстер,селище Гайворон,"набережна Князівська, буд. 967 кв. 952, Берислав, 30397",245-31-85,shakhraiokhrim@example.net
Чуйко,Мирон,Михайлович,Чоловіча,2000-12-11,Редактор,місто Київ,"шосе Дачний 2-й, буд. 30, Ірпінь, 36278",+380 (72) 530-56-79,ustym32@example.com
Данченко,Леон,Олександрович,Чоловіча,1975-09-22,Каскадер,селище Новодружеськ,"провулок Заводська, буд. 13, Інкерман, 68397",+380 (87) 895-88-14,fedir46@example.org
Кабалюк,Богданна,Тарасівна,Жіноча,2011-12-12,Ювелір,селище Глухів,"парк Крайня, буд. 98 кв. 3, Нове Давидково, 50309",+380 21 535 79 21,makar09@example.org
Закусило,Богдан,Юрійович,Чоловіча,1979-11-07,Педагог,хутір Лохвиця,"узвіз Путьова, буд. 753, Прилуки, 96089",917-18-11,halyna92@example.net
Саєнко,Амвросій,Дмитрович,Чоловіча,1982-03-31,Палеонтолог,хутір Чоп,"проспект Павлова, буд. 4 кв. 5, Білицьке, 02429",+380 37 125-60-19,serhii63@example.org
Алексеєнко,Любов,Володимирівна,Жіноча,1970-03-14,Кухар,місто Галич,"сквер Полтавська, буд. 66 кв. 3, Кодима, 73920",+380 55 626-19-89,riurchuk@example.org
Лемешко,Наталія,Петрівна,Жіноча,1987-03-24,Електрик,місто Шумськ,"проспект Лінія 30-та, буд. 488 кв. 1, Збараж, 69701",+380 11 885 56 98,pgerega@example.org
Сомко,Миколай,Петрович,Чоловіча,1974-03-13,Геолог,хутір Макіївка,"шосе Віри Інбер, буд. 1, Умань, 30067",007 281-37-74,ibaklan@example.org
Івасюк,Стефан,Іванович,Чоловіча,1967-07-24,Пілот,селище Шпола,"проспект Амбулаторний 1-й, буд. 67 кв. 31, Тульчин, 39540",098 329 97 90,borysromanchuk@example.com
Євдокименко,Тимофій,Анатолійович,Чоловіча,1997-11-25,Краєзнавець,місто Федорівка,"площа Кримська, буд. 403, Самбір, 42204",+380 18 176-38-76,szaiets@example.org
Архимович,Марина,Григорівна,Жіноча,1993-09-03,Флорист,село Підгайці,"сквер Тараса Кузьміна, буд. 078 кв. 1, Вінниця, 02705",965 08 61,yishchenko@example.net
Ярема,Данило,Вікторович,Чоловіча,1992-10-07,Мірошник,місто Новодружеськ,"парк Спиридонівська, буд. 361, Курахове, 41869",005 911 01 53,zynovii65@example.org
Ґереґа,Борислав,Степанович,Чоловіча,1948-09-30,Геолог,місто Отаманівка,"узвіз 1-ша Лінія Марії Демченко, буд. 6 кв. 7, Новий Калинів, 36286",+380 64 536-46-85,snosenko@example.org
Деркач,Хома,Тарасович,Чоловіча,1987-04-08,Паралегал,село Дубляни,"парк Палубна, буд. 3 кв. 47, Гребінка, 59402",055 380-73-74,davyd39@example.com
Рябошапка,Ліза,Миколаївна,Жіноча,1956-08-04,Математик,селище Токмак,"шосе Вапняний 2-й, буд. 532, Харцизьк, 02202",+380 94 271-19-57,ostap35@example.org
Приходько,Сергій,Григорович,Чоловіча,2009-10-15,Інженер,хутір Алмазна,"шосе Олександра Юрженка, буд. 92 кв. 01, Нетішин, 81370",066 232-90-58,maksym19@example.net
Олійник,Орися,Василівна,Жіноча,1985-08-21,Водій,селище Рогатин,"набережна Героїв прикордонників, буд. 3, Дубляни, 71333",+380 14 533 08 22,gvashchenko@example.com
Вакарчук,Оксана,Сергіївна,Жіноча,2004-03-01,Ботанік,село Решетилівка,"площа Дур'янівський, буд. 41 кв. 9, Бердянськ, 36657",094 603-10-81,bandurkairena@example.net
Баштан,Юхим,Григорович,Чоловіча,1984-11-01,Географ,хутір Житомир,"сквер Восьмого березня, буд. 03 кв. 0, Нове Давидково, 89657",+380 61 677-23-12,anzhela34@example.com
Ємець,Олекса,Олександрович,Чоловіча,1981-03-29,Модель,хутір Красилів,"парк Чернишевського, буд. 708, Южноукраїнськ, 28868",071 083-22-59,hlibdankevych@example.com
Стельмах,Леон,Анатолійович,Чоловіча,1975-03-29,Кінорежисер,село Бобринець,"шосе Осипова, буд. 3, Жовква, 77803",778 35 72,iustynalazarenko@example.net
Верес,Демид,Анатолійович,Чоловіча,1999-02-10,Письменник,хутір Старий Крим,"площа Магістральна, буд. 5 кв. 3, Синельникове, 80540",099 347-69-15,tetianabebeshko@example.com
Гайдамака,Адам,Григорович,Чоловіча,1995-05-22,Детектив,хутір Звенигородка,"проспект Станційна 2-га, буд. 068, Шпола, 04325",833 03 83,venedyktkalchenko@example.org
Усик,Єва,Григорівна,Жіноча,2009-06-27,Кінорежисер,місто Роздільна,"вулиця Виїзна, буд. 86 кв. 88, Дніпрорудне, 93706",+380 47 549 85 07,iefrem71@example.org
Ярема,Орися,Іванівна,Жіноча,1955-11-26,Юрист,село Авдіївка,"узвіз Перша, буд. 1, Трускавець, 44755",957-63-07,zvdovychenko@example.org
Устенко,Павло,Андрійович,Чоловіча,1992-12-14,Кінорежисер,хутір Коростишів,"площа Мариністів, буд. 40 кв. 55, Перевальськ, 68636",+380 57 001-11-23,oleshrytsenko@example.org
Тесленко,Ада,Миколаївна,Жіноча,1988-07-29,Гірничий інженер,місто Носівка,"провулок Бєлякова, буд. 450 кв. 5, Чоп, 88574",+380 92 721-33-36,iushchenkoada@example.org
Данькевич,Аарон,Євгенович,Чоловіча,1998-10-27,Гінеколог,село Городня,"сквер Кропивницького, буд. 5 кв. 710, Борзна, 50129",+380 79 852-65-70,iukhympavlyk@example.net
Сіробаба,Дмитро,Васильович,Чоловіча,1978-10-22,Фрілансер,селище Трускавець,"площа Чигиринська, буд. 166, Кролевець, 65368",061 058-11-64,danyloshyian@example.com
Дутка,Орися,Дмитрівна,Жіноча,1989-09-28,Палеонтолог,хутір Бучач,"площа Гілельса, буд. 8 кв. 08, Білозерське, 85611",+380 21 176-13-78,vakarchukvarfolomii@example.com
Гайденко,Мирон,Іванович,Чоловіча,2001-09-19,Адвокат,хутір Старокостянтинів,"провулок Міцкевича, буд. 45, Малин, 97762",055 781 05 55,halynademydenko@example.net
Шутько,Соломія,Григорівна,Жіноча,1958-07-11,Модель,селище Бобринець,"вулиця Миколи Вороного, буд. 7 кв. 9, Кипуче, 55837",921 19 82,ksmyk@example.com
Андрусенко,Михайлина,Юріївна,Жіноча,1973-01-17,Гицель,селище Алмазна,"площа Незамаївська, буд. 7, Боярка, 16193",050 758 41 17,aronetsvira@example.com
Іщенко,Вʼячеслав,Миколайович,Чоловіча,1947-08-06,Випробувач,місто Самар,"сквер Сабанський, буд. 827 кв. 700, Андрушівка, 54235",+380 01 890 73 79,liubov78@example.com
Вергун,Альберт,Романович,Чоловіча,2007-03-02,Дантист,селище Прип'ять,"сквер Панченка, буд. 86 кв. 9, Новомиргород, 32737",020 226 76 25,vadymriaboshapka@example.org
Андрусенко,Макар,Іванович,Чоловіча,2000-02-06,Фізик,місто Горішні Плавні,"сквер Василя Симоненка, буд. 3 кв. 640, Сіверськодонецьк, 76248",276 28 49,artymyshynihnat@example.org
Гриценко,Ігнат,Андрійович,Чоловіча,1986-06-28,Єгер,хутір Гадяч,"проспект Мирна, буд. 251, Скалат, 19166",213-20-21,bazylevskyianton@example.org
Супруненко,Франц,Сергійович,Чоловіча,1994-09-07,Правник,хутір Бунге,"набережна Москеті, буд. 718 кв. 25, Іловайськ, 36468",+380 17 700-72-95,hanna68@example.net
Швачка,Миколай,Степанович,Чоловіча,1949-09-22,Випробувач,селище Шахтарське,"вулиця Азовський, буд. 46 кв. 66, Бахчисарай, 37829",+380 22 020-05-32,baranetsieva@example.com
Тесля,Аврелій,Олександрович,Чоловіча,1989-03-10,Кухар,місто Чорнобиль,"парк Зоряна, буд. 007, Березне, 28218",564 62 66,ehutsuliak@example.com
Зінчук,Святослава,Богданівна,Жіноча,1948-11-14,Мікробіолог,хутір Виноградів,"шосе Хвиляста, буд. 6, Скадовськ, 47833",+380 68 052-79-22,bohuslav16@example.org
Ващенко,Анастасія,Миколаївна,Жіноча,1951-11-30,Археолог,місто Красилів,"проспект Данила Крижанівського, буд. 657 кв. 6, Бахмут, 06469",+380 78 055-73-73,ptovstukha@example.org
Якимчук,Василь,Євгенович,Чоловіча,1976-05-13,Круп'є,хутір Українка,"вулиця Кустанайська, буд. 370 кв. 280, Шахтарське, 07608",+380 90 740 07 18,violettachornovil@example.org
Атаманчук,Марина,Богданівна,Жіноча,1956-10-10,Нотаріус,місто Ковель,"проспект Ремонтна, буд. 647, Батурин, 46245",189-21-76,flemeshko@example.net
Гавриш,Єва,Євгенівна,Жіноча,1981-03-08,Географ,село Саки,"вулиця Новоукраїнський, буд. 85 кв. 725, Тячів, 95530",+380 33 928 36 33,bizhakevych@example.com
Овсієнко,Степан,Тарасович,Чоловіча,1974-12-17,Фермер,село Остер,"шосе Житомирська, буд. 9 кв. 774, Миколаїв, 21790",556 67 83,volodymyrasirchenko@example.org
Гайда,Богуслава,Анатоліївна,Жіноча,2007-08-26,Нотаріус,селище Бершадь,"вулиця Гвоздична, буд. 21 кв. 42, Фастів, 31229",050 670 40 90,dannariabets@example.com
Стус,Захар,Романович,Чоловіча,1985-12-20,Футболіст,село Білицьке,"парк Аеродромна, буд. 654 кв. 8, Вільнянськ, 20236",073 935-63-87,shvaikaorysia@example.org
Ярема,Прохір,Андрійович,Чоловіча,1949-05-21,Етнограф,хутір Тальне,"проспект 16-та Лінія 6-й ст. Люстдорфської дороги, буд. 60 кв. 5, Боково-Хрустальне, 79539",508 23 39,niarema@example.com
Шеремет,Ігор,Григорович,Чоловіча,2001-08-15,Художник,місто Рені,"площа Бориса Едуардса, буд. 90 кв. 729, Жашків, 01477",+380 (44) 802-23-39,unosenko@example.com
Теліженко,Феофан,Богданович,Чоловіча,1960-10-22,Ріелтор,селище Ланівці,"вулиця Князя Ярослава Мудрого, буд. 3 кв. 2, Тараща, 72489",023 423-36-55,lahodabohodar@example.com
Оліфіренко,Ярина,Андріївна,Жіноча,1991-10-05,Антрополог,селище Путивль,"парк Шкіперська, буд. 698 кв. 35, Золочів, 06931",+380 (60) 730-28-89,tesliapavlo@example.org
Гаврюшенко,Омелян,Михайлович,Чоловіча,1982-03-24,Швачка,село Чортків,"провулок Успенський, буд. 57 кв. 9, Підгородне, 35055",032-60-32,achervonenko@example.net
Єрченко,Ярина,Олександрівна,Жіноча,1991-10-24,Менеджер,хутір Теплодар,"набережна Зої Пасічної, буд. 75 кв. 1, Кобеляки, 14128",+380 (59) 585-68-90,xfranchuk@example.org
Дубас,Аніта,Дмитрівна,Жіноча,1983-07-06,Астронавт,хутір Ланівці,"узвіз Селекційна, буд. 826, Пустомити, 56950",198-26-43,rostyslav26@example.org
Ватаманюк,Альберт,Миколайович,Чоловіча,1970-10-22,Дантист,селище Заліщики,"провулок Колонічна, буд. 172 кв. 1, Південне, 10862",074 61 99,vovknataliia@example.org
Петренко,Галина,Вікторівна,Жіноча,1953-04-18,Юрист,селище Борзна,"набережна Івахненка Петра, буд. 9 кв. 9, Боярка, 07002",+380 06 524-89-14,fovcharenko@example.net
Забіла,Богданна,Романівна,Жіноча,1965-05-21,Скульптор,село Зимогір'я,"узвіз Басейний 6-й, буд. 696 кв. 75, Новий Розділ, 73187",+380 42 042 56 84,medvedenkoklyment@example.org
Терещук,Миколай,Сергійович,Чоловіча,2004-08-24,Програміст,село Хрустальний,"шосе Вузький, буд. 70, Острог, 49699",+380 57 018-38-68,pelekhhanna@example.net
Дацюк,Алевтин,Михайлович,Чоловіча,1963-02-03,Стоматолог,село Вашківці,"сквер Деволанівська, буд. 3, Южноукраїнськ, 19861",086-04-53,hodunokviacheslav@example.com
Лукаш,Єлисей,Миколайович,Чоловіча,1996-11-26,Дизайнер,село Кременчук,"набережна 9-та Лінія Дачі Ковалевського, буд. 1 кв. 0, Каховка, 76787",+380 98 098 95 34,dannabandera@example.net
Худяк,Мартин,Степанович,Чоловіча,1968-02-29,Дипломат,місто Нетішин,"парк Басейний 4-й, буд. 9 кв. 4, Кременець, 59194",+380 20 520-43-69,oleh38@example.net
Скирда,Степан,Вікторович,Чоловіча,2008-11-18,Ріелтор,село Зоринськ,"вулиця Ізмаїльська, буд. 672, Снятин, 89302",+380 06 431-10-92,iesypenkonazar@example.net
Гриценко,Спас,Іванович,Чоловіча,1955-10-14,Фотограф,село Люботин,"узвіз Вапняне селище, буд. 61 кв. 88, Богуслав, 49195",+380 85 521 59 66,derhachmykhailyna@example.com
Шамрай,Євген,Григорович,Чоловіча,1982-12-25,Дизайнер,хутір Залізне,"вулиця Барвінковий, буд. 82 кв. 62, Богуслав, 11129",+380 07 048-73-73,misaienko@example.org
Канівець,Адам,Романович,Чоловіча,1997-07-29,Складальник,місто Токмак,"парк Чорноморський, буд. 42 кв. 4, Сокологірськ, 29184",+380 81 529 31 63,danchenkoiakiv@example.org
Бабак,Федір,Миколайович,Чоловіча,1980-04-25,Модельєр,селище Хрустальний,"набережна Водопровідний 1-й, буд. 6 кв. 0, Волочиськ, 77935",690 83 62,tarasenkosnizhana@example.net
Стус,Віолетта,Тарасівна,Жіноча,1974-09-19,Кінокритик,хутір Деражня,"проспект Грузинська, буд. 444, Вашківці, 56732",+380 (24) 380-96-07,azasiadko@example.com
Гуцуляк,Нестор,Юрійович,Чоловіча,1978-02-21,Акушер,місто Довжанськ,"шосе Китобійний 1-й, буд. 806, Дрогобич, 57532",+380 04 594-00-51,sviatoslava18@example.org
Данькевич,Аніта,Сергіївна,Жіноча,1966-07-08,Епідеміолог,місто Харків,"провулок Володимира Вінниченка, буд. 50, Нова Одеса, 09135",683-49-25,ebezborodko@example.com
Жук,Марко,Тарасович,Чоловіча,1986-02-28,М'ясник,село Новий Розділ,"вулиця Лінія 25-та, буд. 87, Кагарлик, 18915",+380 (21) 011-86-70,symonenkomyroslav@example.org
Микитюк,Ліза,Іванівна,Жіноча,1954-05-28,Агроном,селище Павлоград,"вулиця Ніщинського Композитора, буд. 5, Виноградів, 21636",+380 27 656-65-61,paliiviktor@example.net
Шевченко,Варфоломій,Володимирович,Чоловіча,1978-05-18,Складальник,село Соснівка,"набережна Миколи Пильчикова, буд. 615, Любомль, 18194",+380 00 560-69-88,havryloadamenko@example.net
Забарна,Людмила,Григорівна,Жіноча,1970-03-18,Графік,місто Дружківка,"проспект Дмитра Сигаревича, буд. 06 кв. 94, Світлодарськ, 32717",+380 78 624-45-60,iosyp29@example.com
Байрак,Климент,Григорович,Чоловіча,1970-09-29,Живописець,місто Ужгород,"сквер Професора Коровицького, буд. 00, Жданівка, 42341",+380 08 662-87-16,shovkopliasomelian@example.net
Хмара,Марʼяна,Євгенівна,Жіноча,1959-09-24,Гірник,селище Кривий Ріг,"шосе Моторний 2-й, буд. 2 кв. 634, Прип'ять, 13475",023 853-57-03,pderhach@example.org
Деркач,Марина,Євгенівна,Жіноча,1980-03-22,Модель,село Ялта,"парк Лінія 52-га, буд. 022 кв. 300, Маріуполь, 64249",+380 28 409-88-65,liashkomaryna@example.net
Жаліло,Данна,Романівна,Жіноча,1959-02-11,Гірничий інженер,місто Бережани,"шосе Госпітальєрів, буд. 53, Жидачів, 76768",566-22-05,gshakhrai@example.org
Єфименко,Мартин,Миколайович,Чоловіча,1950-04-06,Перекладач,селище Новий Буг,"площа Князівська, буд. 1, Городище, 82465",015 389 44 86,iukhymenkoviktoriia@example.com
Товстуха,Хома,Тарасович,Чоловіча,1957-09-22,Водій,хутір Болехів,"площа Старокінний, буд. 520 кв. 3, Вашківці, 91469",376-86-67,tsisykmykolai@example.net
Артюшенко,Варфоломій,Григорович,Чоловіча,2006-09-29,Кур'єр,місто Мала Виска,"провулок Овідіопольська дуга, буд. 0, Острог, 10197",+380 18 244 45 97,sviatoslava64@example.net
Ільєнко,Лариса,Миколаївна,Жіноча,1970-10-15,Золотар,селище Ялта,"проспект Валерія Самофалова, буд. 420 кв. 3, Сніжне, 76106",247-48-52,averchenkoirena@example.com
Пʼятаченко,Маруся,Василівна,Жіноча,1962-07-05,Програміст,місто Ровеньки,"набережна Георгія Липського, буд. 2 кв. 066, Семенівка, 86412",069 345-99-18,olenashchyrytsia@example.org
Савенко,Юхим,Вікторович,Чоловіча,1962-02-07,Біолог,селище Миргород,"площа Авіаторів, буд. 50, Калинівка, 98360",108 23 20,amvrosii54@example.org
Шморгун,Олесь,Степанович,Чоловіча,2003-06-04,Шериф,місто Теребовля,"парк Марсельська, буд. 21, Торецьк, 22445",117 65 50,bevzavhustyn@example.org
Дейсун,Оксенія,Богданівна,Жіноча,1975-02-17,Продюсер,місто Біла Церква,"проспект Побратимів, буд. 023 кв. 08, Черкаси, 66419",097 768-21-28,syrotenkodmytro@example.com
Юхименко,Роксолана,Романівна,Жіноча,1976-06-17,Продюсер,хутір Соснівка,"вулиця Василя Кандинського 1-й, буд. 39 кв. 7, Коростишів, 30393",+380 20 469-50-78,fursoles@example.com
Гузь,Єфрем,Павлович,Чоловіча,2008-02-18,Мірошник,село Судова Вишня,"парк Восьмого березня 6-й, буд. 078, Тиврів, 98438",054 321-14-31,khoma69@example.net
Онуфрієнко,Галина,Дмитрівна,Жіноча,1986-08-08,Ріелтор,село Хрестівка,"площа Дорбуду, буд. 2 кв. 204, Бобринець, 89683",+380 28 198-42-88,klavdiiariabovil@example.net
Ющенко,Вадим,Володимирович,Чоловіча,1963-05-19,Ювелір,село Отаманівка,"узвіз Вільгельма Габсбурга, буд. 469 кв. 760, Заставна, 93949",020 220 81 58,arsen57@example.com
Шевченко,Тарас,Юрійович,Чоловіча,1970-01-02,Клавішник,хутір Славутич,"вулиця Флотський 1-й, буд. 916 кв. 5, Хирів, 68927",135-27-49,erika70@example.net
Гайда,Валентина,Вікторівна,Жіноча,1998-11-26,Зоолог,селище Кагарлик,"площа Трамвайний, буд. 323 кв. 42, Красилів, 90294",569 96 49,danna58@example.net
Прокопович,Златослава,Богданівна,Жіноча,1948-10-31,Модель,селище Переяслав,"провулок Машинобудівний, буд. 7 кв. 51, Горохів, 49047",303-87-03,olehzhalilo@example.org
Абраменко,Георгій,Володимирович,Чоловіча,1960-09-10,Вчитель,хутір Ківерці,"набережна Миколи Плигуна, буд. 8, Хуст, 38792",098 912-63-25,hlibfurs@example.net
Устенко,Пармен,Григорович,Чоловіча,1988-03-02,Кур'єр,хутір Харків,"парк Одеська, буд. 0, Рівне, 30889",+380 30 304-46-47,rostyslav11@example.com
Іващенко,Костянтин,Васильович,Чоловіча,1982-04-15,Льотчик,селище Хрестівка,"площа Крижанівський, буд. 3 кв. 353, Довжанськ, 26110",+380 (84) 171-11-49,okhrimdanchenko@example.net
Зайченко,Борислав,Сергійович,Чоловіча,1963-10-12,Хімік,хутір Кам'янець-Подільський,"провулок Гімназична, буд. 12 кв. 780, Попасна, 59105",+380 80 698 61 94,shvaikahordii@example.com
Матяш,Емілія,Павлівна,Жіноча,1992-06-01,Астрофізик,село Глухів,"проспект Училищна, буд. 208, Маріуполь, 13797",+380 39 589-69-31,feofan83@example.org
Баклан,Клавдія,Степанівна,Жіноча,1973-08-24,Нотаріус,село Харцизьк,"проспект Віталія Гуляєва, буд. 44, Деражня, 73564",005-28-91,larysa71@example.net
Давиденко,Панас,Богданович,Чоловіча,1959-01-23,Співак,село Рівне,"узвіз Донорська, буд. 003 кв. 2, Богуслав, 18969",+380 03 362-71-39,rbatiuk@example.com
Аронець,Амвросій,Дмитрович,Чоловіча,1959-11-15,Бухгалтер,селище Новоазовськ,"парк Ремонтна, буд. 682, Феодосія, 91061",+380 60 242-33-07,klavdiiakhomyk@example.net
Івасюк,Алла,Володимирівна,Жіноча,1993-04-17,Мистецтвознавець,місто Дунаївці,"провулок Михайла Божія, буд. 9, Хмельницький, 34388",246 67 59,diermolenko@example.org
Носенко,Демʼян,Іванович,Чоловіча,1987-09-20,Дерун,місто Покров,"площа Заводська 1-ша, буд. 7 кв. 2, Попасна, 35095",+380 60 190-03-26,nazarisaienko@example.org
Ємельяненко,Михайло,Юрійович,Чоловіча,1969-04-25,Математик,село Горішні Плавні,"узвіз Депутатський, буд. 8, Міусинськ, 72437",+380 (40) 868-44-60,gkhomyk@example.org
Дрозденко,Захар,Анатолійович,Чоловіча,1947-08-01,Штукатур,місто Донецьк,"парк Іванівський переїзд, буд. 646, Хутір-Михайлівський, 20456",+380 (59) 593-06-08,vlasenkoopanas@example.org
Каденюк,Амвросій,Іванович,Чоловіча,1965-01-05,Пілот,місто Рубіжне,"проспект Красний, буд. 769, Пустомити, 04303",+380 24 622-77-08,arkhypenkomariana@example.com
Шевченко,Емілія,Андріївна,Жіноча,1995-02-13,Конструктор,місто Харцизьк,"парк Пересипська 5-та, буд. 535, Тетіїв, 50543",258 58 47,lukianbandera@example.org
Чумаченко,Варвара,Анатоліївна,Жіноча,1977-06-11,Будник,селище Білицьке,"вулиця Морехідний, буд. 99 кв. 92, Прилуки, 94736",+380 (84) 647-07-38,chalenkoparmen@example.org
Юрченко,Тетяна,Володимирівна,Жіноча,1975-06-03,Круп'є,хутір Деражня,"сквер Пересипська 2-га, буд. 1, Подільськ, 60941",+380 03 804-19-21,prokhirviter@example.net
Євтушок,Аніта,Василівна,Жіноча,2007-09-11,Підприємець,місто Кременчук,"набережна Висока, буд. 8 кв. 8, Чернігів, 13281",+380 69 853 61 09,pkylymnyk@example.org
Вобла,Олена,Василівна,Жіноча,2004-07-08,Фольклорист,хутір Олександрівськ,"проспект 19-й км Старокиївської дороги, буд. 73, Сіверськодонецьк, 51698",505-37-32,chornovilillia@example.org
Гоголь,Трохим,Євгенович,Чоловіча,1949-12-05,Перекладач,селище Винники,"провулок Старопортофранківська, буд. 4 кв. 793, Багачеве, 59490",+380 62 864-38-85,ostapudovenko@example.org
Вакуленко,Віолетта,Андріївна,Жіноча,1965-10-04,Мікробіолог,хутір Прип'ять,"набережна Генуезька, буд. 310 кв. 9, Зоринськ, 61097",+380 (03) 869-02-25,iefymenkofeofan@example.net
Кириленко,Микита,Павлович,Чоловіча,2000-12-03,Машиніст,хутір Комарно,"площа 11-та Лінія Марії Демченко, буд. 338, Ялта, 19803",+380 93 077-22-69,tpanchuk@example.net
Гречко,Ірена,Олександрівна,Жіноча,1980-07-12,Будник,селище Тульчин,"проспект Остапа Вишні, буд. 403 кв. 29, Дебальцеве, 88429",+380 79 673-57-61,alevtyndzhun@example.net
Мірошниченко,Руслан,Олександрович,Чоловіча,1948-09-16,Кур'єр,селище Тальне,"сквер Михайла Грушевського, буд. 7 кв. 36, Часів Яр, 18489",+380 11 944-30-31,larysahavrysh@example.net
Голик,Юстина,Юріївна,Жіноча,2004-05-07,Паралегал,місто Кодима,"вулиця Юннатів 2-й, буд. 26, Соледар, 46361",+380 (33) 260-01-45,ushutko@example.net
Дашкевич,Аарон,Дмитрович,Чоловіча,1957-12-28,Няня,місто Маріуполь,"вулиця Авіаторів, буд. 0, Рубіжне, 36636",+380 50 597-55-81,pmakohon@example.org
Левченко,Василь,Олександрович,Чоловіча,1995-10-07,Електрослюсар,селище Хрестівка,"провулок Шевченка, буд. 3 кв. 079, Городище, 58781",+380 58 824-07-75,makohonserhii@example.net
Андріїшин,Михайло,Андрійович,Чоловіча,1996-01-13,Епідеміолог,місто Погребище,"узвіз Кощового отамана, буд. 85, Новомиргород, 35526",087 152 43 05,anitahuk@example.com
Зубко,Валентин,Дмитрович,Чоловіча,1992-01-11,Пілот,селище Новодружеськ,"проспект Юхима Геллера, буд. 97 кв. 965, Златопіль, 51798",082 293 13 10,albertfesenko@example.com
Бабич,Венедикт,Романович,Чоловіча,1985-07-26,Кінорежисер,село Попасна,"узвіз Орликова, буд. 2, Новоукраїнка, 15251",299 69 08,balabanamvrosii@example.net
Демʼянюк,Варвара,Василівна,Жіноча,1981-12-15,Сантехнік,село Підгородне,"проспект Багрицького, буд. 42, Чорнобиль, 69044",+380 88 395-40-91,derehusstanislav@example.net
Чумаченко,Емілія,Анатоліївна,Жіноча,1956-04-27,Палеонтолог,хутір Старобільськ,"площа Вокзальний, буд. 1 кв. 6, Гуляйполе, 84553",089 368-28-83,khrystyna95@example.com
Оробець,Демид,Євгенович,Чоловіча,2010-09-17,Мікробіолог,село Дебальцеве,"вулиця Сосюри, буд. 935, Кремінна, 36804",342-73-43,larkhymovych@example.com
Данько,Давид,Анатолійович,Чоловіча,2009-01-14,Географ,хутір Хоростків,"узвіз Поперечний, буд. 946 кв. 1, Роздільна, 68546",033 717-16-40,rdakhno@example.net
Фаренюк,Наталія,Богданівна,Жіноча,1966-10-15,Модельєр,місто Болград,"площа Студентський, буд. 48 кв. 06, Шепетівка, 41152",+380 62 647-50-08,kostiantyn50@example.net
Фесенко,Андрій,Юрійович,Чоловіча,2000-08-16,Геолог,село Галич,"парк Центральна, буд. 5, Южноукраїнськ, 47908",288-69-89,ckopytko@example.org
Вертипорох,Леон,Сергійович,Чоловіча,1963-03-10,Акушер,хутір Зоринськ,"проспект Шефська, буд. 43 кв. 9, Мала Виска, 73500",016 190-62-57,arkadiiartiukh@example.org
Цушко,Федір,Анатолійович,Чоловіча,1997-06-14,Реставратор,хутір Сторожинець,"сквер Світлий, буд. 1, Іллінці, 88056",+380 50 169-11-78,martakovaliuk@example.com
Проценко,Орест,Іванович,Чоловіча,1993-05-17,Кур'єр,місто Помічна,"парк В’ячеслава Чорновола, буд. 2 кв. 15, Світловодськ, 04518",+380 61 085-66-88,zatovkaniuksvitlana@example.net
Калениченко,Болеслав,Богданович,Чоловіча,1992-01-07,Кінорежисер,селище Боково-Хрустальне,"сквер Кам’янецький, буд. 781, Берестечко, 12520",+380 47 838-22-39,pylypvalenko@example.org
Сімашкевич,Мілена,Миколаївна,Жіноча,1991-08-22,Кінокритик,хутір Новий Розділ,"площа Кропивницького, буд. 100 кв. 87, Чоп, 51978",084 286-96-14,imoskal@example.net
Лукаш,Андрій,Михайлович,Чоловіча,1957-11-23,Дантист,село Куп'янськ,"парк 12-та Лінія 6-й ст. Люстдорфської дороги, буд. 9, Сквира, 19885",+380 (57) 723-36-68,rchumak@example.com
Батіг,Наталія,Вікторівна,Жіноча,1972-05-31,Гірник,село Сорокине,"площа Корнюшина, буд. 53, Васильків, 41415",+380 88 838 80 63,bohodarderevianko@example.org
Оніщук,Євген,Михайлович,Чоловіча,1949-03-27,Стоматолог,село Баштанка,"вулиця Сергія Єфремова, буд. 6, Приморськ, 54152",+380 28 180-18-85,ustenkovolodymyr@example.org
Єрченко,Ганна,Миколаївна,Жіноча,1952-06-19,Актор,місто Хоростків,"проспект Канатний, буд. 808 кв. 99, Вовчанськ, 74404",358-59-16,oles83@example.com
Терещенко,Пилип,Сергійович,Чоловіча,1997-09-17,Золотар,хутір Зугрес,"шосе Чайкова, буд. 2, Житомир, 73746",+380 68 046-57-38,nfesenko@example.net
Охріменко,Франц,Петрович,Чоловіча,1962-07-10,Архітектор,селище Полтава,"набережна Хімічна, буд. 9, Городня, 50314",+380 31 383-83-87,valentyn85@example.net
Гузій,Анжела,Дмитрівна,Жіноча,1982-04-29,Професор,місто Щастя,"парк Рибальська, буд. 1, Каховка, 77884",+380 45 362 53 34,albina57@example.org
Деревʼянко,Єлисавета,Юріївна,Жіноча,1985-10-26,Кушнір,селище Кобеляки,"сквер Фабрична, буд. 0 кв. 4, Чортків, 06215",265-16-43,bandurkaborys@example.com
Стельмах,Микита,Володимирович,Чоловіча,1972-04-09,Льотчик,селище Макіївка,"шосе Слов'янська, буд. 75, Снятин, 70563",067 409 78 43,artemenkostepan@example.net
Кальченко,Пармен,Михайлович,Чоловіча,1985-05-01,Промисловець,селище Борщів,"набережна Паркова, буд. 65 кв. 476, Миргород, 76535",094 244 36 79,favramchuk@example.com
Короленко,Пармен,Михайлович,Чоловіча,2003-04-19,Медик,село Підгайці,"сквер Діхтієвського Віктора, буд. 7 кв. 625, Ізмаїл, 65501",231-04-51,klymentdrozdenko@example.net
Данченко,Мілена,Павлівна,Жіноча,1958-09-01,Режисер,хутір Нікополь,"сквер Новиков міст, буд. 443 кв. 67, Харцизьк, 19413",+380 76 515 52 97,allahrechko@example.net
Кальченко,Валентина,Євгенівна,Жіноча,1992-03-21,Головний меркшейдер,місто Нетішин,"площа Лазурського, буд. 7 кв. 0, Біла Церква, 94840",+380 (10) 154-69-75,rshvaika@example.net
Асаула,Ірина,Сергіївна,Жіноча,1963-10-10,Агроном,хутір Нове Давидково,"сквер Академічна, буд. 70, Хуст, 17486",+380 (72) 241-18-36,kazhazha@example.com
Смик,Аркадій,Петрович,Чоловіча,1987-11-06,Пекар,селище Луцьк,"проспект 12-та Лінія 6-й ст. Люстдорфської дороги, буд. 87, Алчевськ, 17624",+380 (86) 369-63-02,iarema71@example.com
Самойленко,Марта,Юріївна,Жіноча,1984-07-26,Біолог,місто Яготин,"площа Студентський 3-й, буд. 2, Кодима, 77023",095 351-83-97,uudovenko@example.com
Архимович,Охрім,Павлович,Чоловіча,2003-04-22,Єгер,місто Шепетівка,"парк Зернова, буд. 9, Лозова, 49582",+380 08 796-01-95,tvasylashko@example.org
Бабій,Лесь,Михайлович,Чоловіча,1968-01-31,Геофізик,місто Хрестівка,"шосе Депутатський, буд. 29 кв. 31, Алчевськ, 29242",+380 61 907-34-35,vira86@example.com
Лупій,Демʼян,Степанович,Чоловіча,1970-02-05,Фольклорист,село Заставна,"вулиця Хортицька, буд. 670, Корець, 44404",+380 30 846 05 26,tetiana62@example.com
Оберемко,Орхип,Миколайович,Чоловіча,1963-11-29,Реставратор,хутір Христинівка,"парк Фруктова, буд. 73, Гайсин, 94693",+380 39 964 84 22,sviatoslava27@example.net
Пʼятаченко,Гордій,Павлович,Чоловіча,1955-08-27,Нотаріус,місто Рубіжне,"сквер Буджацька, буд. 158 кв. 883, Копичинці, 14010",+380 (16) 075-32-19,bohuslavabramchuk@example.com
Дерегус,Олекса,Володимирович,Чоловіча,1958-02-22,Паралегал,місто Сіверськ,"набережна Олександра Кутузакія, буд. 51, Лохвиця, 30239",790 44 18,iefremtovstukha@example.com
Червоненко,Олена,Михайлівна,Жіноча,1956-04-15,Парфюмер,село Ізяслав,"набережна Старорізнична, буд. 564, Житомир, 85176",+380 33 919 75 98,hermanieremenko@example.org
Ковалюк,Венедикт,Сергійович,Чоловіча,1966-09-24,Круп'є,хутір Костопіль,"сквер Садова 1-ша, буд. 14, Устилуг, 29765",006 545 38 48,amvrosiikhomenko@example.net
Комар,Володимир,Анатолійович,Чоловіча,1956-02-28,Слідчий,хутір Радивилів,"сквер Басейний 6-й, буд. 0 кв. 753, Сокиряни, 99396",+380 54 327 93 07,heorhii04@example.net
Артим,Феофан,Анатолійович,Чоловіча,2008-10-26,Мікробіолог,село Південне,"сквер Соляний 3-й, буд. 913, Бориспіль, 50299",752 13 12,svitlanazaika@example.org
Якимчук,Аврелій,Богданович,Чоловіча,2001-07-15,Кінолог,хутір Дебальцеве,"набережна Індійська, буд. 31, Докучаєвськ, 26453",669 20 93,vitrukopanas@example.net
Килимник,Марта,Олександрівна,Жіноча,1962-08-26,Патологоанатом,хутір Тисмениця,"набережна Болгарська, буд. 29, Вільнянськ, 30225",470 26 69,chabanboleslav@example.com
Нестеренко,Микита,Миколайович,Чоловіча,1954-05-24,Гінеколог,місто Новоазовськ,"сквер Балтський 4-й, буд. 8, Боково-Хрустальне, 14469",445-76-78,sviatoslavbakumenko@example.com
Худобʼяк,Марко,Іванович,Чоловіча,1996-10-12,Зоолог,хутір Брянка,"проспект Івана Вазова, буд. 797, Свалява, 97759",295 16 67,vitaliizabashta@example.com
Титаренко,Юхим,Петрович,Чоловіча,1984-07-21,Клавішник,хутір Вознесенськ,"шосе Путівна, буд. 75 кв. 6, Березне, 83350",098 148-80-12,viacheslav36@example.net
Шиян,Алла,Дмитрівна,Жіноча,1973-07-21,Реставратор,селище Немирів,"набережна Проектований 3-й, буд. 7, Чугуїв, 19198",+380 99 524-13-17,ivan45@example.com
Бабак,Арсен,Богданович,Чоловіча,1967-08-14,Продюсер,хутір Новоукраїнка,"шосе Пшенична, буд. 9, Березань, 50852",+380 96 077-97-81,vasylenkovadym@example.org
Чубай,Оксенія,Миколаївна,Жіноча,1981-06-04,Фармацевт,місто Єнакієве,"сквер Заводська 4-та, буд. 392, Почаїв, 17070",068 458 41 38,pavlodatsiuk@example.org
Закусило,Костянтин,Іванович,Чоловіча,1957-07-02,М'ясник,село Шаргород,"вулиця Чорноморський 2-й, буд. 7, Корець, 19034",+380 (08) 843-16-11,opanasiurchenko@example.net
Гайворонський,Демʼян,Васильович,Чоловіча,1965-07-12,Астроном,село Стебник,"сквер Сливова, буд. 30 кв. 31, Мелітополь, 77699",+380 90 986 04 99,qolifirenko@example.net
Негода,Пантелеймон,Тарасович,Чоловіча,1964-07-29,Агроном,селище Шепетівка,"набережна Окружна, буд. 952, Вижниця, 11236",086 884-67-31,abrahamovskahalyna@example.net
Данько,Августин,Анатолійович,Чоловіча,1974-12-14,Драматург,селище Київ,"набережна Савранський, буд. 1, Торецьк, 89119",+380 43 000-92-21,ffartushniak@example.com
Валенко,Пріска,Олександрівна,Жіноча,1969-05-12,Золотар,село Часів Яр,"площа Скліфосовського, буд. 25, Дубно, 98256",013 465 13 21,havryliukokseniia@example.org
Ейбоженко,Едита,Степанівна,Жіноча,1946-12-24,Мовознавець,хутір Дружківка,"узвіз Багрицького, буд. 7 кв. 2, Хорол, 62298",055 080 34 06,tetiana63@example.org
Короленко,Віктор,Миколайович,Чоловіча,1976-11-08,Фізик,місто Виноградів,"сквер Офіцерський 1-й, буд. 85, Золочів, 79291",+380 (36) 466-85-38,kabanenkomaksym@example.org
Дубенко,Роксолана,Романівна,Жіноча,1974-10-22,Модельєр,місто Брянка,"парк Ширяївський, буд. 2 кв. 90, Хутір-Михайлівський, 63705",098 667 73 36,bhohol@example.com
Годунок,Омелян,Васильович,Чоловіча,1961-06-11,Нотаріус,хутір Дергачі,"парк Іони Отаманського, буд. 330 кв. 9, Моспине, 34569",+380 84 925 93 24,petro08@example.com
Гузь,Ліза,Петрівна,Жіноча,1999-05-15,Льотчик,село Павлоград,"шосе Сім'ї Глодан, буд. 314 кв. 56, Амвросіївка, 96165",468 10 06,abramenkomaryna@example.com
Чарниш,Семен,Анатолійович,Чоловіча,1994-02-06,Модель,село Благовіщенське,"узвіз Адольфа Лози, буд. 31, Боярка, 59027",057 297 48 30,ohrechko@example.com
Оніщук,Борислав,Романович,Чоловіча,1996-10-25,Няня,хутір Маріуполь,"провулок 2-га Лінія Марії Демченко, буд. 426, Оріхів, 23208",014 994 49 17,izaruba@example.net
Яремчук,Яків,Миколайович,Чоловіча,2004-04-13,Хореограф,селище Новоград-Волинський,"провулок Асташкіна, буд. 09 кв. 69, Білопілля, 99050",012 294 02 37,marianapelekh@example.org
Байрак,Дан,Андрійович,Чоловіча,1950-03-07,Математик,хутір Тернопіль,"узвіз Ярослава Баїса, буд. 598 кв. 211, Лутугине, 79414",+380 60 879 99 09,verkhovynetsviktoriia@example.org
Башполченко,Галина,Миколаївна,Жіноча,1979-07-19,Хореограф,місто Заліщики,"вулиця Бреуса Якова, буд. 8 кв. 5, Хотин, 49025",+380 76 477-70-37,anita87@example.org
Фурс,Спас,Володимирович,Чоловіча,1982-06-26,Економіст,місто Гірське,"сквер Луценка Івана, буд. 0, Зугрес, 96321",+380 03 203-01-84,onysymmiroshnychenko@example.net
Вітер,Пріска,Сергіївна,Жіноча,1969-02-28,Парфюмер,місто Біляївка,"сквер Прорізний, буд. 8, Путивль, 56073",969-88-33,haidenkoievhen@example.net
Нестеренко,Златослава,Степанівна,Жіноча,2004-09-15,Намотувальник,село Коростишів,"провулок Буковинська, буд. 4 кв. 15, Вінниця, 34185",029 015-64-16,pushkartymofii@example.net
Чумак,Алевтин,Анатолійович,Чоловіча,1951-08-15,Няня,хутір Кропивницький,"площа Павла Вірського, буд. 41 кв. 5, Березне, 44563",+380 (36) 825-62-91,vasyl94@example.net
Туркало,Пріска,Олександрівна,Жіноча,1965-04-13,Акушер,селище Козятин,"сквер Соляний 1-й, буд. 2 кв. 812, Арциз, 83536",021 745-02-06,vladyslavkalchenko@example.org
Гаврилів,Орися,Володимирівна,Жіноча,1959-06-29,Державний службовець,хутір Сімферополь,"шосе Крайня, буд. 8 кв. 54, Нова Каховка, 55532",003 070-30-07,boleslav31@example.org
Мірошниченко,Марія,Андріївна,Жіноча,1974-01-08,Електромонтажник,селище Подільськ,"провулок Маловського, буд. 10, Помічна, 13649",008 128-71-50,viratsybulenko@example.org
Орлик,Людмила,Богданівна,Жіноча,2003-11-19,Юрист,місто Бориспіль,"сквер Студена, буд. 734, Чоп, 93471",+380 48 152-34-48,tereza51@example.org
Гузенко,Веніямин,Сергійович,Чоловіча,1995-01-28,Паблік рилейшнз,хутір Василівка,"узвіз Ніщинського Композитора, буд. 5 кв. 659, Старий Крим, 22396",834-16-45,roksolana37@example.com
Алексюк,Борислав,Тарасович,Чоловіча,1993-11-24,Реставратор,місто Шепетівка,"площа Сєрогодського, буд. 298, Рава-Руська, 11187",915-20-41,whaivoronskyi@example.com
Ірванець,Христина,Михайлівна,Жіноча,2001-08-25,Піаніст,селище Заставна,"сквер Ярмарковий, буд. 043 кв. 22, Бориспіль, 35815",091 158-78-58,amaliiakashchenko@example.com
Хоменко,Станіслав,Євгенович,Чоловіча,2006-08-25,Мистецтвознавець,селище Славута,"вулиця Газовий, буд. 14, Черкаси, 34052",544-27-52,iaroshkyrylo@example.com
Засуха,Наталія,Володимирівна,Жіноча,1950-02-02,Хімік,місто Рахів,"проспект Улицька, буд. 521, Вознесенівка, 96030",+380 38 037-43-05,darynachupryna@example.com
Заруба,Єфрем,Євгенович,Чоловіча,1954-09-26,Бізнесмен,селище Чуднів,"площа Діхтієвського Віктора, буд. 4, Гірське, 49284",024 840-16-94,dshakhrai@example.org
Шаблій,Валерій,Євгенович,Чоловіча,1970-06-09,Журналіст,місто Золоте,"набережна Подільська, буд. 47, Фастів, 19219",+380 86 013-54-72,bazylevskyiadam@example.net
Чорновіл,Ірена,Сергіївна,Жіноча,2011-12-19,Художник,хутір Горлівка,"вулиця Донорська, буд. 43 кв. 147, Нововолинськ, 85645",614 53 96,lespetryk@example.net
Кащенко,Альберт,Олександрович,Чоловіча,1955-09-15,Мікробіолог,село Золотоноша,"провулок Кривобалківська, буд. 9, Деражня, 51046",426 52 73,vdovychenkosviatoslav@example.net
Луценко,Ірина,Богданівна,Жіноча,1976-02-08,Антрополог,село Хирів,"шосе Рєпіна, буд. 649, Яворів, 21258",+380 01 400-83-43,artemenkotereza@example.com
Ґереґа,Єфрем,Михайлович,Чоловіча,1961-04-20,Кіноактор,село Кривий Ріг,"площа Мерло, буд. 55 кв. 694, Вознесенівка, 87993",589 86 67,zakhar10@example.com
Забіла,Златослава,Миколаївна,Жіноча,2008-06-29,Музикант,село Борзна,"набережна Городня, буд. 217 кв. 14, Рогатин, 08592",045 623-18-51,trokhym56@example.org
Ющенко,Леон,Дмитрович,Чоловіча,1990-05-02,Кінолог,хутір Рахів,"проспект Озерна, буд. 20, Щастя, 50310",494-70-36,ybabak@example.net
Цісик,Роман,Степанович,Чоловіча,1979-02-03,Пілот,місто Брянка,"сквер Урожайна, буд. 557 кв. 5, Любомль, 09832",+380 68 934-31-20,solomonmykhailychenko@example.net
Супруненко,Михайлина,Анатоліївна,Жіноча,2006-06-23,Випробувач,хутір Южне,"проспект Литавровий, буд. 6 кв. 7, Арциз, 88186",106 57 31,abramchuktymofii@example.org
Щербань,Зиновій,Васильович,Чоловіча,2000-09-04,Акушер,місто Полонне,"парк Лінія 33-тя, буд. 24 кв. 392, Кам'янка (Черкаська область), 03054",233 05 06,zlatoslava01@example.com
Хомик,Сніжана,Павлівна,Жіноча,1965-07-28,Професор,місто Іловайськ,"парк Маячний, буд. 192, Сіверськодонецьк, 47236",009 352 42 49,fvasylechko@example.com
Бабак,Леопольд,Петрович,Чоловіча,1965-11-10,Головний меркшейдер,місто Белз,"шосе Поштовий, буд. 772, Старий Крим, 46809",+380 84 342 25 96,somkorozaliia@example.net
Яременко,Леон,Дмитрович,Чоловіча,1973-09-27,Намотувальник,селище Рахів,"проспект Рибальська балка, буд. 98 кв. 5, Вознесенівка, 27674",+380 03 554-88-69,marianamazepa@example.com
Карась,Марта,Дмитрівна,Жіноча,1978-10-05,Електромонтажник,селище Городище,"площа Військово-морських сил, буд. 615, Жашків, 20935",+380 62 707-93-38,mteslenko@example.net
Бабʼяк,Владислав,Олександрович,Чоловіча,2007-08-07,Складальник,село Зіньків,"площа Митна, буд. 0, Коростишів, 69963",133-44-47,demianenkoborys@example.net
Лупій,Онисим,Дмитрович,Чоловіча,1975-12-16,Дерун,селище Лутугине,"набережна Танфільєва, буд. 3, Заставна, 20701",+380 18 951-49-48,vorobets@example.org
Опанасенко,Галина,Анатоліївна,Жіноча,1963-01-22,Вчитель,місто Охтирка,"провулок Шухевича Романа, буд. 67 кв. 236, Дніпро, 19484",+380 08 953 81 70,emiliiavovk@example.com
Шморгун,Богодар,Дмитрович,Чоловіча,1953-04-30,Фермер,місто Деражня,"узвіз Круговий, буд. 24, Турка, 28887",+380 87 436-09-29,ieva11@example.com
Деркач,Богодар,Сергійович,Чоловіча,1993-07-14,Дипломат,селище Великі Мости,"парк Рєпіна, буд. 28 кв. 4, Люботин, 54862",028 614 73 94,uskorobohatko@example.com
Зінкевич,Остап,Дмитрович,Чоловіча,1992-12-29,Кінорежисер,селище Харків,"узвіз Новаторів, буд. 61 кв. 4, Українка, 66833",+380 43 733-03-08,aiukhymenko@example.net
Сич,Станіслав,Григорович,Чоловіча,1984-04-18,Геофізик,селище Дубно,"проспект Привокзальна, буд. 527 кв. 6, Селидове, 93891",+380 78 991 71 14,leon88@example.com
Романчук,Ярема,Сергійович,Чоловіча,1964-11-20,Науковець,селище Амвросіївка,"сквер Усатівська, буд. 58, Копичинці, 69174",+380 26 725-06-69,hdemianiuk@example.org
Затовканюк,Тетяна,Андріївна,Жіноча,1948-03-25,Дипломат,село Дубляни,"сквер Левкоєва, буд. 5 кв. 085, Берислав, 88865",+380 (29) 050-74-90,nestorshvachka@example.com
Цушко,Златослава,Миколаївна,Жіноча,2001-12-13,Вчитель,село Звенигородка,"шосе Чорноморський 11-й, буд. 67, Новий Калинів, 48420",318-99-02,nzubko@example.com
Зубко,Варвара,Тарасівна,Жіноча,2006-08-14,Педагог,хутір Старокостянтинів,"узвіз Виставочна, буд. 928 кв. 4, Новий Розділ, 05138",+380 69 616-95-76,charnyshhordii@example.com
Бевзенко,Роман,Олександрович,Чоловіча,1967-05-20,Фізик,хутір Рені,"площа Квітнева, буд. 42, Івано-Франківськ, 99361",+380 07 848-08-96,taras44@example.net
Вобла,Мілена,Вікторівна,Жіноча,1972-10-14,Продюсер,місто Кам'янець-Подільський,"сквер Вернидуба, буд. 2, Світлодарськ, 68605",+380 22 268-74-74,ielyseibalaban@example.org
Бабариченко,Марко,Олександрович,Чоловіча,2011-12-23,Флорист,хутір Новгород-Сіверський,"провулок Андреєвського, буд. 6, Арциз, 73603",088 573-98-78,ieshchenkoomelian@example.org
Медведенко,Олекса,Михайлович,Чоловіча,1983-03-31,Слідчий,селище Кобеляки,"проспект Локомотивний 3-й, буд. 299 кв. 0, Горлівка, 97380",038 097-95-56,zhalilobohuslav@example.net
Кармалюк,Трохим,Володимирович,Чоловіча,1948-06-06,Провізор,село Бучач,"парк Бейтельсбахера, буд. 805, Кривий Ріг, 95724",+380 50 598-58-45,gudovenko@example.net
Батуринець,Веніямин,Вікторович,Чоловіча,1995-06-25,Фольклорист,місто Зугрес,"проспект Супутників, буд. 3 кв. 8, Рубіжне, 59459",011 231-17-64,zaporozhetsdavyd@example.net
Гайда,Христина,Іванівна,Жіноча,1953-01-05,Різноробочий,місто Южноукраїнськ,"сквер Хімічний 2-й, буд. 2, Прип'ять, 75448",+380 61 782-55-15,pavlosliusar@example.com
Рубан,Валентин,Миколайович,Чоловіча,1993-09-02,Різноробочий,селище Тиврів,"вулиця Академічна, буд. 376, Зугрес, 34271",166 92 66,volodymyrasimashkevych@example.net
Полтавець,Тимофій,Іванович,Чоловіча,2001-05-01,Пілот,хутір Деражня,"узвіз Сухолиманна, буд. 16, Бібрка, 40062",504-01-77,andriiovychdemyd@example.net
Конопля,Аркадій,Петрович,Чоловіча,2004-04-21,Нотаріус,село Виноградів,"сквер Проектуєма, буд. 38 кв. 4, Свалява, 11378",+380 63 162-84-28,zpetryk@example.com
Артимишин,Борис,Вікторович,Чоловіча,1980-06-10,Краєзнавець,хутір Кодима,"узвіз Зелена, буд. 7, Городенка, 26500",503 10 01,lizabaran@example.com
Артюх,Ростислав,Васильович,Чоловіча,1947-06-21,Ветеринар,село Кам'янка-Дніпровська,"набережна Чорноморський 9-й, буд. 80, Белз, 49752",077 831-16-52,pylyp96@example.net
Сімашкевич,Аліна,Юріївна,Жіноча,1975-06-28,Дипломат,селище Умань,"проспект Студентський 2-й, буд. 8 кв. 94, Одеса, 43069",+380 60 115 27 48,iashchenkoliza@example.net
Абрагамовська,Наталія,Василівна,Жіноча,1955-10-16,Лікар,місто Міусинськ,"площа Житомирська, буд. 815, Долина, 91405",728-78-00,prokhirzabashta@example.com
Чубай,Юстина,Богданівна,Жіноча,1958-08-23,Няня,хутір Устилуг,"узвіз Ліверпульський, буд. 54, Амвросіївка, 10263",938 52 92,pvakarchuk@example.org
Конопленко,Розалія,Олександрівна,Жіноча,1951-12-09,Палеонтолог,хутір Кременчук,"шосе Вокзальний, буд. 69 кв. 15, Перечин, 33536",+380 76 428-09-97,vitaliisliusar@example.org
Власюк,Святослава,Євгенівна,Жіноча,1986-10-28,Хореограф,місто Нетішин,"провулок Ширяївський, буд. 7, Чорноморськ, 37827",758 60 45,petrenkoiarema@example.org
Царенко,Климент,Васильович,Чоловіча,2008-04-10,Громадський діяч,місто Вашківці,"площа Привокзальний, буд. 103 кв. 837, Хоростків, 43600",+380 (21) 648-71-58,dannaiemets@example.org
Девдюк,Едита,Василівна,Жіноча,1988-03-04,Графік,хутір Турка,"сквер Хлібна гавань, буд. 888 кв. 76, Горлівка, 02967",017 932 63 53,azarzatovkaniuk@example.org
Корпанюк,Орися,Вікторівна,Жіноча,2009-03-05,Громадський діяч,місто Баштанка,"провулок Чернишевського, буд. 28, Вугледар, 07528",382-50-48,lukiandanylenko@example.net
Гайворонська,Богуслава,Євгенівна,Жіноча,1968-12-05,Піаніст,хутір Переяслав,"сквер Академіка Філатова, буд. 057, Андрушівка, 78208",708 30 96,symonpalii@example.org
Терещенко,Ірина,Анатоліївна,Жіноча,1996-07-11,Літературознавець,селище Винники,"набережна Бондарна, буд. 51 кв. 55, Мостиська, 31546",+380 54 191 74 10,stuseduard@example.net
Піддубний,Владислав,Степанович,Чоловіча,2008-02-11,Випробувач,селище Ізмаїл,"узвіз Осипова, буд. 58 кв. 00, Вилкове, 22912",076 264 32 51,roksolanaderevianko@example.org
Оліфіренко,Пармен,Іванович,Чоловіча,1992-01-14,Антрополог,місто Олександрівськ,"шосе Ольвійська, буд. 1 кв. 1, Новий Розділ, 54125",+380 01 956-63-00,larysatereshchenko@example.com
Вдовенко,Мартин,Сергійович,Чоловіча,1972-11-03,Диригент,місто Великі Мости,"вулиця Агрономічна, буд. 9 кв. 43, Інкерман, 25792",+380 (90) 399-72-32,dzubko@example.net
Бабʼюк,Остап,Павлович,Чоловіча,1966-01-24,Астронавт,село Малин,"набережна Романтичний, буд. 967 кв. 8, Умань, 56958",+380 01 553 15 18,avhustyn73@example.org
Товстуха,Ярослава,Миколаївна,Жіноча,1972-12-30,Мовознавець,селище Нова Каховка,"шосе Восьмого березня 1-й, буд. 3, Ічня, 41182",+380 26 520 01 06,davydstelmakh@example.com
Шаблій,Леонтій,Володимирович,Чоловіча,1988-10-12,Електротехнік,селище Миргород,"сквер Іспанський, буд. 9, Рогатин, 55248",861 12 19,bohuslav99@example.com
Гузенко,Леонтій,Юрійович,Чоловіча,1958-10-21,Прокурор,селище Бобринець,"площа Героїв прикордонників, буд. 99 кв. 17, Надвірна, 62489",558-22-92,omykhaliuk@example.org
Шаповал,Вадим,Степанович,Чоловіча,1953-09-19,Фрілансер,селище Вишневе,"провулок Світлий, буд. 3, Чугуїв, 98187",+380 52 542-37-31,leon56@example.net
Нестайко,Валентин,Тарасович,Чоловіча,1990-01-08,Ботанік,селище Львів,"шосе Костанді 2-й, буд. 9 кв. 3, Вугледар, 39021",333-18-86,zaichenkohavrylo@example.net
Дубас,Надія,Іванівна,Жіноча,1972-01-17,Державний службовець,селище Севастополь,"площа Тюльпанний, буд. 928, Марганець, 59201",+380 51 549 75 52,solomiiaiushchenko@example.com
Василенко,Лукʼян,Олександрович,Чоловіча,1965-10-16,М'ясник,селище Кобеляки,"парк Прибережний, буд. 292 кв. 6, Бахмач, 40501",+380 (39) 941-34-97,priska10@example.com
Акуленко,Софія,Андріївна,Жіноча,1958-05-28,Пекар,місто Ірпінь,"вулиця Туристський, буд. 2 кв. 558, Тлумач, 84319",+380 76 210-86-47,volodymyrasatsiuk@example.com
Рябченко,Христина,Петрівна,Жіноча,2010-12-16,Реабілітолог,селище Мостиська,"вулиця Херсонський сквер, буд. 783, Шахтарськ, 65558",041 163 43 74,veresdemyd@example.org
Артим,Євген,Вікторович,Чоловіча,1954-11-27,Бухгалтер,місто Ялта,"вулиця Камишова, буд. 302 кв. 54, Слов'янськ, 07126",056 56 84,babenkoiaryna@example.net
Терещук,Давид,Григорович,Чоловіча,1960-01-22,Модельєр,село Новоград-Волинський,"сквер Лінія 47-ма, буд. 51, Моспине, 63161",+380 (26) 607-67-43,zlatoslava12@example.org
Черінько,Марія,Сергіївна,Жіноча,1963-10-14,Палеонтолог,місто Полонне,"вулиця Лавкова, буд. 218, Київ, 32715",393-91-08,jadamchuk@example.org
Данилюк,Володимир,Богданович,Чоловіча,2003-04-19,Агроном,місто Луганськ,"шосе Дмитра Годзенка, буд. 87 кв. 233, Вишгород, 64499",053 357-08-98,bohuslavcharnysh@example.net
Юхименко,Степан,Тарасович,Чоловіча,1982-07-31,Професор,село Часів Яр,"вулиця Елеваторна, буд. 775 кв. 8, Калуш, 65687",024 626 31 02,baidaktaras@example.org
Лисенко,Олена,Миколаївна,Жіноча,1948-01-09,Програміст,хутір Глухів,"набережна Луцька, буд. 805 кв. 725, Хрустальний, 22114",084 334-28-52,batihbohuslav@example.com
Дубас,Надія,Василівна,Жіноча,1965-07-16,Письменник,село Алмазна,"проспект Текстильників, буд. 75 кв. 5, Рожище, 07067",074 190 26 93,tsymbalonysym@example.com
Заїка,Степан,Павлович,Чоловіча,1964-09-15,Музичний редактор,селище Верхньодніпровськ,"набережна Академіка Корольова, буд. 04, Глобине, 12507",+380 (31) 142-01-09,ustym94@example.org
Теличенко,Одарка,Романівна,Жіноча,1980-06-30,Режисер,місто Вуглегірськ,"шосе Подільська, буд. 48 кв. 66, Ланівці, 74786",034 428 25 38,davyd46@example.net
Терещук,Нестор,Сергійович,Чоловіча,1953-06-19,Драматург,селище Миколаївка,"набережна Кладовищний, буд. 9 кв. 917, Олевськ, 28275",618-02-58,viktoriiaieremenko@example.com
Приймак,Роман,Степанович,Чоловіча,1972-08-20,Вчитель,місто Саки,"набережна Сортувальна 1-ша, буд. 250, Боково-Хрустальне, 14433",+380 80 618-97-05,masokhavira@example.org
Штокало,Ігнат,Дмитрович,Чоловіча,1984-11-30,Астронавт,місто Рожище,"площа Шовкуненка, буд. 0, Христинівка, 62325",013 136 18 19,dubenkoliliia@example.net
Баран,Єфрем,Вікторович,Чоловіча,1992-09-13,Ветеринар,хутір Суходільськ,"набережна Бокаріуса, буд. 4, Златопіль, 13853",059 503-32-98,adabaranets@example.net
Цибуленко,Лукʼян,Григорович,Чоловіча,1969-01-11,Професор,село Новий Розділ,"набережна Чорноморський 5-й, буд. 6, Родинське, 57253",019 017 37 89,solomiia62@example.org
Байдак,Геннадій,Євгенович,Чоловіча,2007-01-11,Євнух,село Каховка,"площа Степова, буд. 2, Генічеськ, 94672",+380 08 143 78 08,wartym@example.com
Верес,Софія,Михайлівна,Жіноча,1956-08-09,Конструктор,село Миргород,"площа Чорноморський 11-й, буд. 0, Довжанськ, 01914",+380 70 130 15 25,rdrozdenko@example.net
Швачка,Емілія,Дмитрівна,Жіноча,1946-10-09,Реставратор,місто Балта,"вулиця Бодаревського, буд. 24, Виноградів, 35743",+380 63 426 76 43,trokhymilienko@example.org
Тимченко,Юхим,Анатолійович,Чоловіча,1992-01-15,Науковець,хутір Батурин,"вулиця Український 2-й, буд. 4, Кагарлик, 66373",+380 (31) 904-64-09,zbazavluchenko@example.org
Александренко,Лукʼян,Степанович,Чоловіча,1985-08-02,Зоолог,село Коломия,"провулок Бодаревського, буд. 7 кв. 629, Херсон, 94435",091 546-46-86,leopold50@example.net
Пушкар,Болеслав,Богданович,Чоловіча,1987-12-21,Лікар,селище Жданівка,"сквер Семена Яхненка, буд. 65, Кропивницький, 07429",011-28-25,piaremkiv@example.com
Даньків,Валерій,Володимирович,Чоловіча,1952-08-15,Мовознавець,село Молочанськ,"шосе Львівський, буд. 90, Вознесенськ, 43730",+380 33 870-56-71,solomonorlyk@example.net
Барабаш,Ірена,Юріївна,Жіноча,1948-08-28,Фольклорист,село Енергодар,"проспект Михайла Грушевського, буд. 19, Шаргород, 49319",678-00-26,panastsymbaliuk@example.com
Щорс,Валентина,Дмитрівна,Жіноча,2010-07-15,Журналіст,село Вараш,"парк Костанді 2-й, буд. 8, Кагарлик, 28087",+380 (48) 848-53-63,martyndrozdenko@example.org
Свириденко,Яків,Євгенович,Чоловіча,2005-03-16,Лікар,селище Боярка,"сквер Юннатів 3-й, буд. 1, Теребовля, 26050",+380 44 607-95-92,frantsshakhrai@example.com
Охріменко,Ада,Степанівна,Жіноча,1966-06-25,Стропальник,місто Андрушівка,"вулиця Могилівська, буд. 094, Березань, 05837",+380 66 594-42-02,ieremenkoboryslav@example.com
Сагаль,Сергій,Володимирович,Чоловіча,2002-02-06,Кіноактор,селище Мелітополь,"набережна 11-та Лінія Марії Демченко, буд. 462 кв. 689, Святогірськ, 52121",943 00 35,korzhorysia@example.net
Шухевич,Оксана,Богданівна,Жіноча,1965-01-30,Кінокритик,село Ладижин,"парк Льва Симиренка, буд. 20, Семенівка, 62268",+380 73 084-11-46,roksolana41@example.org
Оробець,Валентина,Дмитрівна,Жіноча,2006-02-26,Паблік рилейшнз,село Краматорськ,"парк Сільська, буд. 69 кв. 519, Лутугине, 83419",+380 40 743-73-29,nestorizhak@example.com
Вернигора,Дан,Богданович,Чоловіча,1974-04-17,Літературознавець,хутір Прип'ять,"проспект Мечникова, буд. 3 кв. 3, Хрустальний, 70835",+380 59 763-01-99,olenaliashko@example.com
Ісаєвич,Пилип,Сергійович,Чоловіча,1999-04-14,Стропальник,селище Лиман,"шосе Монастирський, буд. 86, Сіверськодонецьк, 53315",+380 07 605 15 73,andriienkobohodar@example.net
Зінченко,Аврелій,Павлович,Чоловіча,1958-02-09,Ріелтор,село Куп'янськ,"шосе Басейний 6-й, буд. 13 кв. 2, Глиняни, 46741",+380 65 754-62-44,borys93@example.com
Корж,Ярина,Іванівна,Жіноча,1966-08-11,Електромонтер,хутір Почаїв,"шосе Донорська, буд. 897 кв. 516, Нова Одеса, 76011",+380 44 421 09 45,ygerus@example.org
Дубина,Ярослава,Тарасівна,Жіноча,2002-01-27,Кур'єр,селище Прилуки,"узвіз Сергія Ейзенштейна, буд. 37 кв. 855, Березівка, 52192",+380 84 678-32-03,klavdiiakolisnychenko@example.com
Сомко,Леопольд,Тарасович,Чоловіча,1989-08-27,Композитор,хутір Гребінка,"парк 4-та Лінія 6-й ст. Люстдорфської дороги, буд. 980 кв. 636, Любомль, 39307",+380 09 556 74 91,zasenkoanastasiia@example.com
Бабиченко,Ілля,Петрович,Чоловіча,1959-01-25,Правник,місто Бурштин,"шосе Східний 2-й, буд. 31 кв. 4, Яготин, 19871",509-45-81,artymovycholes@example.net
Заруба,Любов,Сергіївна,Жіноча,1947-11-23,Стиліст,селище Деражня,"провулок Мацієвської узвіз, буд. 80, Лиман, 13710",+380 (68) 378-53-14,stefanvyshniak@example.org
Цюцюра,Пріска,Романівна,Жіноча,1967-07-22,Науковець,хутір Звенигородка,"проспект Театральний, буд. 72 кв. 447, Путивль, 98065",+380 47 406-23-70,okseniiahuz@example.com
Девдюк,Ярослав,Тарасович,Чоловіча,1978-12-26,Няня,селище Зміїв,"вулиця Дорбуду, буд. 6 кв. 671, Косів, 78732",014 212 14 67,martyn25@example.org
Ґерета,Володимира,Євгенівна,Жіноча,1958-05-17,Кушнір,селище Кам'янка (Черкаська область),"провулок Охтирський, буд. 106 кв. 4, Краматорськ, 06928",+380 33 278-49-97,udarahan@example.net
Пелех,Людмила,Михайлівна,Жіноча,1947-07-05,Піаніст,хутір Новгород-Сіверський,"набережна Баркасний, буд. 63 кв. 6, Попасна, 24014",996 28 99,nadiiatsushko@example.net
Шинкаренко,Дарина,Анатоліївна,Жіноча,1965-08-12,Драматург,хутір Переяслав,"парк Баркасний, буд. 7, Скадовськ, 77104",+380 81 091-86-90,priskariabovil@example.net
Ющенко,Зиновій,Вікторович,Чоловіча,1967-07-26,Пекар,місто Алупка,"узвіз Олександра Болдирєва, буд. 40 кв. 3, Хирів, 83625",+380 69 025 06 43,syrotenkomariana@example.net
Рева,Семен,Анатолійович,Чоловіча,1951-02-19,Письменник,місто Саки,"площа Високий, буд. 9 кв. 3, Переяслав, 31572",073-15-82,oleschernenko@example.org
Гаврилець,Яків,Юрійович,Чоловіча,1963-01-30,Гірник,селище Петрово-Красносілля,"шосе Саксаганського, буд. 7, Сімферополь, 94933",037 41 61,iaryna44@example.org
Гупало,Ліза,Тарасівна,Жіноча,1977-02-12,Модельєр,селище Лиман,"набережна Пастера, буд. 99 кв. 3, Верхньодніпровськ, 39240",+380 79 633-19-44,xiaremkiv@example.org
Ярош,Клавдія,Іванівна,Жіноча,2001-09-27,Машиніст,село Довжанськ,"проспект Академічний, буд. 364 кв. 42, Олевськ, 09409",+380 (98) 950-46-04,tymofiidemianenko@example.net
Гриценко,Володимир,Андрійович,Чоловіча,1953-01-15,Економіст,селище Золочів,"площа Нафтовиків, буд. 8 кв. 582, Берестечко, 31495",028 210 20 49,vasylechkoivan@example.net
Артюшенко,Валерій,Степанович,Чоловіча,1978-08-28,Юрист,селище Самар,"шосе Юрія Асєєва, буд. 2, Снятин, 63422",+380 69 382-94-59,hordii57@example.com
Власюк,Аарон,Богданович,Чоловіча,1957-01-17,Письменник,селище Буринь,"проспект Дачний 1-й, буд. 05 кв. 7, Боково-Хрустальне, 56824",+380 (18) 598-89-42,nataliia04@example.net
Лесик,Роман,Євгенович,Чоловіча,1961-07-13,Мистецтвознавець,місто Святогірськ,"узвіз Кінбурнський, буд. 7 кв. 3, Суходільськ, 37710",+380 61 980-72-78,anzhelaandriienko@example.net
Шаблій,Нестор,Петрович,Чоловіча,1961-03-03,Бухгалтер,село Олександрівськ,"шосе Кримський, буд. 63, Жидачів, 32259",+380 23 922-45-49,vatamaniukvalentyna@example.org
Іванченко,Дмитро,Васильович,Чоловіча,1989-02-18,Історик,місто Судова Вишня,"сквер Березова, буд. 14 кв. 832, Вилкове, 24010",+380 22 427-19-85,savenkovarvara@example.org
Деряжний,Геннадій,Степанович,Чоловіча,1971-08-29,Музичний редактор,село Луцьк,"набережна Волокидіна, буд. 907, Кремінна, 81818",327-45-24,ppetliura@example.org
Тесля,Святослав,Павлович,Чоловіча,1968-03-16,Гірник,село Кривий Ріг,"шосе Залізничний 3-й, буд. 16 кв. 75, Святогірськ, 43795",+380 84 420-83-46,iukhym84@example.org
Єрьоменко,Аліна,Василівна,Жіноча,1981-02-28,Диригент,селище Погребище,"парк Бучми, буд. 456, Яворів, 73790",161 40 12,hdavydenko@example.org
Архимович,Віра,Дмитрівна,Жіноча,1998-03-12,Модельєр,селище Монастириська,"парк Лиманний, буд. 3, Малин, 13680",764 06 27,parmen66@example.org
Сагаль,Стефан,Євгенович,Чоловіча,1995-02-14,Секретар,місто Шахтарське,"шосе Крижанівський, буд. 80, Шпола, 16376",065-03-87,nosachenkoamvrosii@example.com
Фартушняк,Златослава,Степанівна,Жіноча,2010-01-27,Модель,місто Зборів,"вулиця Лугова, буд. 1, Павлоград, 06597",044 330-38-21,marusiatsisyk@example.org
Євтушок,Устим,Степанович,Чоловіча,1953-03-17,Шериф,селище Городенка,"проспект Перший Кришталевий, буд. 4 кв. 971, Харків, 82083",082 140-80-68,danylochumak@example.com
Товстоліс,Лукʼян,Павлович,Чоловіча,1982-04-21,Письменник,селище Гола Пристань,"узвіз 11-та ст. Великого Фонтану пляж, буд. 04, Люботин, 76739",816 58 76,iustymrebryk@example.net
Влох,Онисим,Юрійович,Чоловіча,1985-01-20,Науковець,хутір Ланівці,"набережна Тетяни Тесс, буд. 7 кв. 193, Фастів, 90178",+380 30 787 27 77,ivantokar@example.net
Іщенко,Варвара,Павлівна,Жіноча,1975-05-12,Єгер,село Сарни,"вулиця Мелітопольська, буд. 42, Сіверськ, 26429",068 193 43 21,antonhrechko@example.net
Арсенич,Климент,Григорович,Чоловіча,1969-10-21,Патологоанатом,селище Горохів,"проспект Сумський, буд. 8 кв. 489, Мерефа, 57446",655 16 22,babiukvarvara@example.com
Дашенко,Трохим,Іванович,Чоловіча,1986-01-06,Няня,село Семенівка,"парк 15-та Лінія 6-й ст. Люстдорфської дороги, буд. 117, Берислав, 76056",206-64-88,andrii77@example.com
Ящук,Богданна,Андріївна,Жіноча,1955-11-14,Агроном,село Гребінка,"набережна Гранатний, буд. 7, Верхівцеве, 20483",046 238-80-76,iryna77@example.com
Жайворон,Дан,Григорович,Чоловіча,1978-07-03,Дерун,хутір Жидачів,"площа 6-та Лінія Марії Демченко, буд. 397, Носівка, 44011",+380 20 600-80-81,alevtyn32@example.com
Батіг,Василина,Андріївна,Жіноча,1950-06-29,Історик,місто Львів,"шосе Чумацька, буд. 529 кв. 0, Тальне, 50220",+380 23 402-63-10,tsisyksemen@example.org
Гаврюшенко,Ірина,Михайлівна,Жіноча,1998-10-13,Євнух,селище Черкаси,"набережна Танфільєва, буд. 3 кв. 7, Чистякове, 92277",+380 (23) 118-63-68,romanenkoliudmyla@example.com
Романець,Симон,Григорович,Чоловіча,2005-07-02,Актор,хутір Докучаєвськ,"набережна Андрія Гулого-Гуленка, буд. 64, Лохвиця, 19214",088 363 34 98,sirobabaarkadii@example.net
Тарасенко,Роксолана,Олександрівна,Жіноча,1985-09-15,Паралегал,село Добромиль,"проспект Виноградна, буд. 9 кв. 981, Кобеляки, 14715",+380 02 161-04-55,alevtyn11@example.org
Палій,Роман,Євгенович,Чоловіча,1980-02-05,Юрист,місто Перемишляни,"узвіз Рибальський, буд. 17, Кіцмань, 48507",+380 33 708-93-49,mykhailyna42@example.net
Козак,Еріка,Миколаївна,Жіноча,1990-12-10,Гірник,селище Дубляни,"площа Довженка, буд. 8, Севастополь, 03686",+380 30 606 89 35,riabetsvitalii@example.net
Скиба,Богуслав,Михайлович,Чоловіча,2004-06-26,Фермер,хутір Златопіль,"набережна Максима Чайки, буд. 0 кв. 49, Родинське, 85610",+380 (28) 167-25-50,zatovkaniukpavlo@example.net
Олійник,Антон,Степанович,Чоловіча,1985-10-21,Перекладач,село Скалат,"вулиця Проектований 3-й, буд. 79, Гребінка, 38646",+380 01 278 35 47,ikarpa@example.org
Килимник,Марта,Богданівна,Жіноча,1991-09-27,Астрофізик,село Ровеньки,"парк Ігоря Бедзая, буд. 6 кв. 594, Підгородне, 59801",058 166-85-82,danylolutsenko@example.com
Титаренко,Арсен,Анатолійович,Чоловіча,1990-03-07,Перекладач,місто Ананьїв,"проспект Давида Бурлюка, буд. 55, Білопілля, 91800",+380 92 070-58-98,illia39@example.com
Сомко,Святослава,Романівна,Жіноча,1949-10-17,Намотувальник,село Білогірськ,"сквер Вінницька, буд. 80, Глухів, 74170",078 006-88-76,iakiv68@example.com
Петрик,Леон,Миколайович,Чоловіча,1970-07-21,Сантехнік,селище Новоукраїнка,"вулиця Юхима Геллера, буд. 049 кв. 2, Південне, 52609",036 61 62,davyd36@example.com
Колісниченко,Арсен,Богданович,Чоловіча,1993-11-10,Нотаріус,місто Сокологірськ,"проспект Капітана Кузнецова, буд. 109 кв. 5, Перевальськ, 34473",+380 85 360-05-26,mykytabaklan@example.org
Забашта,Оксана,Дмитрівна,Жіноча,1992-04-21,Програміст,місто Конотоп,"узвіз Строганов міст, буд. 258 кв. 2, Новий Буг, 57725",+380 25 292-22-59,ishylo@example.net
Рева,Людмила,Степанівна,Жіноча,1972-09-14,Кушнір,селище Ромни,"шосе Лінія 24-та, буд. 87 кв. 07, Тараща, 95431",068 210 74 16,ezinchenko@example.org
Дейсун,Ганна,Петрівна,Жіноча,1989-05-31,Біолог,селище Світлодарськ,"парк Грецька, буд. 553 кв. 8, Феодосія, 73200",+380 (36) 300-79-57,trokhym92@example.org
Базавлученко,Назар,Романович,Чоловіча,1999-08-04,Фотограф,хутір Монастириська,"площа Восьмого березня 3-й, буд. 458, Соледар, 85040",+380 (60) 465-79-62,nudovenko@example.com
Яковенко,Леопольд,Григорович,Чоловіча,2001-09-24,Астрофізик,село Багачеве,"сквер Обсерваторний, буд. 587 кв. 10, Радивилів, 15432",+380 65 317-10-10,danchenkofeofan@example.com
Швайка,Аніта,Євгенівна,Жіноча,1986-05-08,Агроном,селище Теребовля,"вулиця Абрикосовий, буд. 4, Дрогобич, 18213",024 232 67 41,iefremmykhailiuk@example.com
Бандура,Геннадій,Михайлович,Чоловіча,1986-01-31,Фольклорист,селище Берислав,"вулиця Люстдорфський, буд. 895 кв. 0, Тернопіль, 41234",+380 65 812 18 49,ivanmykytiuk@example.org
Чарниш,Мирослав,Степанович,Чоловіча,2005-01-21,Хореограф,село Коростень,"шосе Івасюка Володимира, буд. 8 кв. 8, Зіньків, 48407",+380 24 090-92-42,panteleimon46@example.com
Запорожець,Омелян,Васильович,Чоловіча,1969-05-14,Краєзнавець,хутір Олександрівськ,"площа Дубовий гай, буд. 0 кв. 517, Мирноград, 15646",265 40 24,orestdzyndra@example.net
Оліфіренко,Ілля,Дмитрович,Чоловіча,1985-04-11,Археолог,місто Петрово-Красносілля,"узвіз Польовий 1-й, буд. 83, Бунге, 32263",+380 73 449 94 62,kashchenkohalyna@example.net
Овчаренко,Галина,Богданівна,Жіноча,1954-03-02,Доцент,місто Калуш,"проспект Академіка Богатського, буд. 20 кв. 2, Олешки, 20105",064-53-14,skorykdan@example.com
